90fc0f744da05b6b4866bdf26dd2176d,19396,public/hero.jpg
263e42040a4e998396c1e3255e08cb7e,81429,public/images/clients/client-08.svg
73b5810815a769350013371dd0659b90,51264,public/images/clients/client-09.svg
fe4f982f2f0e297b78de8aaaed62d2d9,103235,public/images/clients/client-07.svg
ed0b16048a34dd3ede670aa986bc6136,35402,public/images/clients/client-12.svg
5fb4fdc079fc5c6b950eac3985c95604,72746,public/images/clients/client-06.svg
2af187de5bc45ab008f7eda2db043697,30166,public/images/clients/client-10.svg
83729aab674f9d9057353a5e8951ed65,139349,public/images/clients/client-04.svg
8697b4996efc8c74ede40d514fc81ef2,62231,public/images/clients/client-05.svg
e10b290ff2ba8921fc58294a65c099c8,24275,public/images/clients/client-11.svg
ed0b16048a34dd3ede670aa986bc6136,35402,public/images/clients/client-01.svg
1931a3eb4273cc3922b6899c65522bfd,72455,public/images/clients/client-02.svg
bf2ad0dde61941121ebe063b9584f349,131960,public/images/clients/client-03.svg
c71f11683ce90c49e52cd0366bc44f5c,432,public/images/partners/bounce-logo.svg
ff28f3d7f44afab8b648a6f0804f0d1a,619,public/images/partners/iamrobot-logo.svg
385550892edeaa92efd86286499f28bf,536,public/images/partners/nannybag-logo.svg
ebfedb9d9a458862de76434dd0d46f9e,670,public/images/partners/tum-logo.svg
d4b20da12e93a0faf67605e0b65c1116,518,public/images/placeholder.svg
54c0c7efefc2b2cc06f86408c3596f17,39020,public/Velo Gallery/gin-tasting-640w.webp
49187cc7322127fb9744eac80df45eaa,3576,public/Velo Gallery/basil-smash-120w.webp
671e5a400f7af70816b0e7fe3d18c271,2734,public/Velo Gallery/A7401220-120w.webp
2753be2af445925d8924ee4eabbd1cee,1384,public/Velo Gallery/minz-maracuja-80w.webp
d48f24767a12daae46985c02aadd4730,1358,public/Velo Gallery/A7401220-1920w-80w.webp
01c92d575e44cc7452950b1ad9bfc4ee,3988,public/Velo Gallery/himbeer-hibiskus-fizz-120w.webp
90fc0f744da05b6b4866bdf26dd2176d,19396,public/Velo Gallery/wedding-bar-320w.jpg
9cd02d52226ca578b93d5ddfb0f7d0be,2598,public/Velo Gallery/event-1-120w.webp
adf7b39057d181bcf2fdf25806281156,21531869,public/Velo Gallery/mango-rosmarin.jpg
1c31f1c2da3483907e7cda3e836bd7f6,2800,public/Velo Gallery/wedding-bar-120w.webp
a8f4ccf175c557e78cdbc6fb5e0be072,108626,public/Velo Gallery/DSC09743-640w.jpg
c3d1212455f5e5cf37c730c832ba1322,23620,public/Velo Gallery/drinks-selection-640w.webp
f57f9edf3ded8d75b08ee4098652d4b4,10668,public/Velo Gallery/mango-rosmarin-320w.webp
f53f2f3620f3ab6263c5b7a49bac98cb,20884,public/Velo Gallery/event-2-640w.webp
68658baa964eae892f6e4afafda7be56,1306,public/Velo Gallery/20220317-_W147453-1920w-80w.webp
a2aaeca3c9a051a5ec47ce20f4f48eeb,2674,public/Velo Gallery/DSC09743-640w-80w.webp
92091a87516f9e88f2da96612e22acfb,1464,public/Velo Gallery/gin-tasting-80w.webp
f40ae0a168d734ee09f4e8c06a5037f4,19693,public/Velo Gallery/mobile-bar-hero-320w.jpg
671e5a400f7af70816b0e7fe3d18c271,2734,public/Velo Gallery/A7401220-1920w-120w.webp
0a0134668f99d87fa829290c9b6159a6,5088,public/Velo Gallery/DSC09743-640w-120w.webp
45e2de084508bcd3162e5451a9c5895a,11832,public/Velo Gallery/mobile-bar-setup-640w.webp
dca24b7b0d8092c9a1defcd4a688cc45,11517941,public/Velo Gallery/minz-maracuja.jpg
1a4ecac8d67a299b3e781d5cebb48ce7,18164,public/Velo Gallery/mango-rosmarin-320w.jpg
d6886dcf84038903b6abfc6bb95f63b3,152122,public/Velo Gallery/event-3-640w.jpg
c33ba8fe4642afe85ed229f44e89721f,33840,public/Velo Gallery/event-2-640w.jpg
e07d9afd23a38736ec2f00ce2ef83768,2228,public/Velo Gallery/minz-maracuja-120w.webp
6cf8e989b63934b31c365b805079591a,765562,public/Velo Gallery/wedding-bar.jpg
c6ae8459554ec03a2a3219e4a2f2fca8,23073,public/Velo Gallery/basil-smash-320w.jpg
4e6946631d0f7250d00a90d1b05e3935,10210,public/Velo Gallery/event-1-320w.webp
6de02cb27b333d805f4809baa6105563,28686,public/Velo Gallery/mobile-bar-hero-640w.webp
095be24ec96e6e62c02f5bd05e659c87,17338,public/Velo Gallery/wedding-bar-320w.webp
1650df706bf2d706c64d42920247e1fb,1098,public/Velo Gallery/event-2-80w.webp
41c557030e212a04bf0305318d4bfcef,3200,public/Velo Gallery/event-3-80w.webp
75316caf8f37c14b1e06911693d1dbd3,11965161,public/Velo Gallery/mobile-bar-setup.jpg
1d5fb59929c5a5926d3acbe7d2accf0a,14251,public/Velo Gallery/drinks-selection-320w.jpg
a426eb6349791fcacf462d0712167da0,53227,public/Velo Gallery/gin-tasting-640w.jpg
bfa328f4143c1cf290034c4f1a454e63,91110,public/Velo Gallery/DSC09743-640w-640w.jpg
a2a3500e21037c5067873580ea795014,2788,public/Velo Gallery/mango-rosmarin-120w.webp
73ec0366ed1999f7bcfc86c0aee42035,22982,public/Velo Gallery/DSC09743-640w-320w.webp
e07779c60132e5d9c521f368d6fe9793,13966,public/Velo Gallery/A7401220-1920w-320w.webp
d9046ed7f9d2ff668229b0d6a44f0686,52262,public/Velo Gallery/20220317-_W147453-1920w-640w.jpg
9f97206d18b8c88b4d63c4698f4478d0,1676372,public/Velo Gallery/drinks-selection.jpg
a2aaeca3c9a051a5ec47ce20f4f48eeb,2674,public/Velo Gallery/DSC09743-80w.webp
cca6125a1d7baa8f6f4cc8274a3b63fb,7768,public/Velo Gallery/minz-maracuja-320w.webp
48f4057fe2b09fc844fea0d0420ea8b3,14620,public/Velo Gallery/event-1-320w.jpg
1650df706bf2d706c64d42920247e1fb,1098,public/Velo Gallery/velo bar bilder 2/our story -80w.webp
a426eb6349791fcacf462d0712167da0,53227,public/Velo Gallery/velo bar bilder 2/DSC07929-640w.jpg
ae472a985a8905cf3ed97abc937445f0,10486,public/Velo Gallery/velo bar bilder 2/Galerie-320w.webp
19743304fa0a1deb712d8f7493b3f400,2222988,public/Velo Gallery/velo bar bilder 2/DSC08563.jpg
5ccf648de373cb351978fe5967f4e43a,52651,public/Velo Gallery/velo bar bilder 2/A7401220-640w.jpg
74e3ba66220f89e23198e47969515b34,27803242,public/Velo Gallery/velo bar bilder 2/TeamEvent und Workshops.jpg
55ec49bea1b9cb6aa2e6d8cc314c926a,48488,public/Velo Gallery/velo bar bilder 2/20230326-DSC05298-640w.jpg
7db2f74a6c4e452a95a39beaaf49270f,19991306,public/Velo Gallery/velo bar bilder 2/our story .JPG
90c0686a3e8463d48d22915f4bcb45a3,4862,public/Velo Gallery/velo bar bilder 2/A7401419-120w.webp
5fc5be846642a4fc8ed887347e1b467a,40444,public/Velo Gallery/velo bar bilder 2/Team-640w.jpg
c51934dc45ce7f5c3bcf77d50ffc65bb,27511305,public/Velo Gallery/velo bar bilder 2/Team.JPG
c6210bec5c12fc90136fbeb557c02b01,16104,public/Velo Gallery/velo bar bilder 2/Basil smash-320w.webp
d741640f95a429fded95bec06ea06ad2,4782,public/Velo Gallery/velo bar bilder 2/CD2A9D8A-EC59-4ACB-87BE-F348982277BD-120w.webp
df5e52e7cb0c4ac2e7096f95c06b675c,74341,public/Velo Gallery/velo bar bilder 2/DSC00391-640w.jpg
21e1e92ded871527cfccf959379e7791,50246,public/Velo Gallery/velo bar bilder 2/IMG_5863-640w.webp
6de02cb27b333d805f4809baa6105563,28686,public/Velo Gallery/velo bar bilder 2/DSC07828-640w.webp
4dbff4add03ca79c5ce0aca6dc754140,66434,public/Velo Gallery/velo bar bilder 2/G4-640w.webp
b6c137dfe0be5e69d31d63aae22a19ec,37702,public/Velo Gallery/velo bar bilder 2/DSC08372-640w.webp
17e73016ba184afd829b459314ab94a1,2514,public/Velo Gallery/velo bar bilder 2/SPRITYVARIATIONE-120w.webp
b281c4cebca08d9d03ce43ca9a17516c,2314,public/Velo Gallery/velo bar bilder 2/DSC00346-80w.webp
3154c4489a3efd8abee280ac4d6ff415,13565944,public/Velo Gallery/velo bar bilder 2/DSC00260.jpg
71307e8d5ff5c7e3846a20c6c8478963,21903,public/Velo Gallery/velo bar bilder 2/DSC00185-320w.jpg
7547a6e6cb93d62e41e2a34ce4cc32a6,44566,public/Velo Gallery/velo bar bilder 2/20210910-DSC04622-640w.webp
43c070528cb0f08a32d0a23814450ca1,4151728,public/Velo Gallery/velo bar bilder 2/sebi.JPG
d07f0f12b248d5470ce3d118f74816de,2466,public/Velo Gallery/velo bar bilder 2/Schenker-E-LKW-23-120w.webp
4dbbb62c2d473fb61c1b991bbca1595d,2238,public/Velo Gallery/velo bar bilder 2/DSC00418-120w.webp
ec8b73c55aea420e2c4efacd2d56a211,2010,public/Velo Gallery/velo bar bilder 2/G7-120w.webp
310973ab80bb44e889d18191e01faa4d,62503,public/Velo Gallery/velo bar bilder 2/032B467F-3EC9-4C01-9B4D-C11C02CD8ED6-640w.jpg
5e6fe9e096b9bea28578767060d1a734,36886,public/Velo Gallery/velo bar bilder 2/DSC00260-640w.webp
d198c256a7be1159990dd29d738290f9,14352,public/Velo Gallery/velo bar bilder 2/MINZ MARACUJA-320w.jpg
c0bc9f70a0527d5287a2a24e84ee667a,42952,public/Velo Gallery/velo bar bilder 2/3767168a-4c5c-4d36-bf20-8e390b86336c-640w.jpg
ef7e3f5bcd9b82149cf755f35ff5a486,19606,public/Velo Gallery/velo bar bilder 2/DSC00391-320w.webp
2b423ede590f9153e76309b9c4f908e1,1400,public/Velo Gallery/velo bar bilder 2/weihnachstfeier-80w.webp
af86e6cd8dd6d773bc7cc542b7e13cec,13084,public/Velo Gallery/velo bar bilder 2/DSC08563-320w.webp
5f6d45bf8e79ae7cf79a603977648574,1272,public/Velo Gallery/velo bar bilder 2/DSC07850-80w.webp
18899b1abfc0e9dc02989dd5cb504bba,2738,public/Velo Gallery/velo bar bilder 2/A7401220-120w.webp
c1d36aaa8d350d0573c757cc90a5c2e6,31189,public/Velo Gallery/velo bar bilder 2/IMG_7543-640w.jpg
f74b70c74102452d0739796956182a3b,4062,public/Velo Gallery/velo bar bilder 2/DSC00346-120w.webp
355ca8ba26713135f893368045ed7572,27495,public/Velo Gallery/velo bar bilder 2/Kontakt Sebi-320w.jpg
61e08c0b3dda99b81945bdfa6d63f039,17348,public/Velo Gallery/velo bar bilder 2/DSC08372-320w.jpg
7d0c79aa257018d26282fe0e034cab76,2793861,public/Velo Gallery/velo bar bilder 2/DSC08372.jpg
7643afcab005b0b1a840e947fae389d1,410328,public/Velo Gallery/velo bar bilder 2/a30d6ea6-fa0a-4492-b744-7d3e13e444e6.JPG
e53f4654b73c8ab666aabe968607cc72,78511,public/Velo Gallery/velo bar bilder 2/Himbeer Hibiskus FIZZ-640w.jpg
48f4057fe2b09fc844fea0d0420ea8b3,14620,public/Velo Gallery/velo bar bilder 2/why us -320w.jpg
979bb8bcb81dd8c3598d9a75f46993fa,18464162,public/Velo Gallery/velo bar bilder 2/DSC07929.jpg
454dcc72d48557d741756e71f64cd6f6,22941,public/Velo Gallery/velo bar bilder 2/A7401318-320w.jpg
fd6d0bf6d996ed754b2da6c9e5314b76,55208,public/Velo Gallery/velo bar bilder 2/DSC00337-640w.jpg
75316caf8f37c14b1e06911693d1dbd3,11965161,public/Velo Gallery/velo bar bilder 2/DSC07875.jpg
be0be6dc8530e41306572beb55cb7bd7,17073,public/Velo Gallery/velo bar bilder 2/Firmenfeier-320w.jpg
4bfb0cf720bdbebd6267a9424516d96e,30963,public/Velo Gallery/velo bar bilder 2/IMG_5834-320w.jpg
ce495a68428a7507a587c028d1536db0,17779,public/Velo Gallery/velo bar bilder 2/20210814-DSC06342-320w.jpg
665913dc7b046e0047976df49b3cd190,55744,public/Velo Gallery/velo bar bilder 2/DSC09679-640w.webp
c73d53d8eaf84d8783d428f1beab8555,34795,public/Velo Gallery/velo bar bilder 2/IMG_3839-320w.jpg
90fc0f744da05b6b4866bdf26dd2176d,19396,public/Velo Gallery/velo bar bilder 2/Hochzeiten-320w.jpg
4083e1f3e95fd5744106ab72fe1a9729,37896,public/Velo Gallery/velo bar bilder 2/Firmenfeier-640w.webp
45e2de084508bcd3162e5451a9c5895a,11832,public/Velo Gallery/velo bar bilder 2/DSC07875-640w.webp
c7554ec6208f87e864a2a43dfd4d9e6b,15560,public/Velo Gallery/velo bar bilder 2/DSC03519-320w.jpg
fac84db6adb92d50983a378690555766,10716830,public/Velo Gallery/velo bar bilder 2/IMG_7543.JPG
7358e04c3246cfabeca33b7dfe194464,1650,public/Velo Gallery/velo bar bilder 2/DSC08563-80w.webp
815ed70df4bf0a67ef9486102848755d,61041,public/Velo Gallery/velo bar bilder 2/DSC00254-640w.jpg
953f5e4105f3bd154fdbef87942d037b,16760,public/Velo Gallery/velo bar bilder 2/9127B453-BD48-4C38-AE31-8963BB99F72D-320w.webp
076346b5b0e8f0d51d20d25c6753c502,15506,public/Velo Gallery/velo bar bilder 2/032B467F-3EC9-4C01-9B4D-C11C02CD8ED6-320w.webp
436c2b21d4f77abe43536e2c94634021,58159,public/Velo Gallery/velo bar bilder 2/2120d94a-01b1-4d15-8904-81955542d988-640w.jpg
69bdcbff2d7a0a9fcdacee7e8c91efe7,3954,public/Velo Gallery/velo bar bilder 2/9524cdce-648f-47e1-aac2-dda4fa56b5ec-120w.webp
bcd8f82fc3a3e2369fd323ce9f41ea61,2158,public/Velo Gallery/velo bar bilder 2/53D8BEA9-DC8B-4A1C-BBF0-7776EAE2FAA7-120w.webp
8621b69450006442d3e58a09038515f2,29224,public/Velo Gallery/velo bar bilder 2/sebi-640w.webp
deeec19ba68a2dda752c7584712d46b9,13924321,public/Velo Gallery/velo bar bilder 2/Galerie.jpg
c3987a3bb7fd065254d92024072d9a6f,1472,public/Velo Gallery/velo bar bilder 2/DSC09679-80w.webp
ddd1ccff23b3b6c19fac37e1b5b7826a,386747,public/Velo Gallery/velo bar bilder 2/Kontakt Sebi.JPG
f0ccfc388536b17432b54f1885bbd25e,1554,public/Velo Gallery/velo bar bilder 2/MANGO ROSMARIN-80w.webp
a8aacdcba1a34718c77a0c7b3394e76b,26158,public/Velo Gallery/velo bar bilder 2/20230326-DSC05298-640w.webp
1a84561332403c6ad514c1e860604c3d,107072,public/Velo Gallery/velo bar bilder 2/5635c176-c3f9-4c04-880a-a5824c44b6e7-640w.webp
423d6e576660c4af5616742a678cd7e9,3070,public/Velo Gallery/velo bar bilder 2/DSC00337-120w.webp
4673b3b6698822ceb090ce99fc9aeb19,4160,public/Velo Gallery/velo bar bilder 2/Team Lars-120w.webp
76ed0afcad688b54d36e37891ecaf84b,19064,public/Velo Gallery/velo bar bilder 2/Himbeer Hibiskus FIZZ-320w.webp
1980acbe713c4c0fe493be502bcfdc8f,40257,public/Velo Gallery/velo bar bilder 2/DSC00418-640w.jpg
ae2d6f45987cd401186226bdb4109c3d,15987,public/Velo Gallery/velo bar bilder 2/53D8BEA9-DC8B-4A1C-BBF0-7776EAE2FAA7-320w.jpg
f53f2f3620f3ab6263c5b7a49bac98cb,20884,public/Velo Gallery/velo bar bilder 2/G2-640w.webp
ee896ae82d277d962ce218f7aac2738e,9057,public/Velo Gallery/velo bar bilder 2/G8-320w.jpg
c18d15eddc4ddd8223294ad2ce88f497,2268,public/Velo Gallery/velo bar bilder 2/5635c176-c3f9-4c04-880a-a5824c44b6e7-80w.webp
c88da4555597c708463eaa2f825c3f04,254154,public/Velo Gallery/velo bar bilder 2/5635c176-c3f9-4c04-880a-a5824c44b6e7.JPG
1bf3e90394c85656dbcd07da06fc4af7,15947204,public/Velo Gallery/velo bar bilder 2/20210814-DSC06359.JPG
9ef80870c4e4ff065974f2bef0d856e3,57465,public/Velo Gallery/velo bar bilder 2/20210910-DSC04622-640w.jpg
6ae17cd96733de35296505739d342467,82842,public/Velo Gallery/velo bar bilder 2/c8a071b1-b05a-4f91-8c11-cf1bd7348172-640w.webp
23a8e4445b17fe38fffa574059a2381c,6744,public/Velo Gallery/velo bar bilder 2/DSC07850-320w.webp
58339018073f35318227bced644d450e,2166,public/Velo Gallery/velo bar bilder 2/IMG_1440-80w.webp
a32d470ff57b45f2f8353d7d6d8f4bf9,14086500,public/Velo Gallery/velo bar bilder 2/20210910-DSC04622.JPG
16738c179e9548e3ccbe62ceba75378f,17337780,public/Velo Gallery/velo bar bilder 2/Schenker-E-LKW-23.jpg
c7990b5cf54a3edc03dd728be6368964,67253,public/Velo Gallery/velo bar bilder 2/1d4a0f80-a847-4418-a8e0-004c4582a2a0-640w.jpg
eabb99f435e01016a956713c7004cfa0,6474,public/Velo Gallery/velo bar bilder 2/DSC00143-120w.webp
503e716ed69e43d1b50abd5ef62f2efa,66122,public/Velo Gallery/velo bar bilder 2/Hochzeiten-640w.webp
ba47c5fc935ed09456eead72789126d7,8882,public/Velo Gallery/velo bar bilder 2/Gallerie-320w.webp
a991105e6df29cd1830e66e4a946825a,97664,public/Velo Gallery/velo bar bilder 2/Messen-640w.jpg
9d9ecccb86937cb956574962ef8daf49,25853641,public/Velo Gallery/velo bar bilder 2/Messen.jpg
a55da0524b599a481680542f08a5de28,1278,public/Velo Gallery/velo bar bilder 2/9127B453-BD48-4C38-AE31-8963BB99F72D-80w.webp
1d5fb59929c5a5926d3acbe7d2accf0a,14251,public/Velo Gallery/velo bar bilder 2/SPRITYVARIATIONE-320w.jpg
84b700972e142313c2c6e9394be7b63c,45592,public/Velo Gallery/velo bar bilder 2/Schenker-E-LKW-70-640w.webp
a5c8ce7e7180f3c26d5b1387af06be64,2618,public/Velo Gallery/velo bar bilder 2/20210814-DSC06342-120w.webp
8a0564a657e2e5b1db0ec52ad5a7bd70,35872,public/Velo Gallery/velo bar bilder 2/2120d94a-01b1-4d15-8904-81955542d988-640w.webp
0fa2c86b887b451e247b21907838527d,18716964,public/Velo Gallery/velo bar bilder 2/DSC03519.jpeg
58a8bed48e99df9b97b8e14a6d939222,572,public/Velo Gallery/velo bar bilder 2/DSC07847-80w.webp
a224136e97bd7ffa9ea017476ab41234,18658,public/Velo Gallery/velo bar bilder 2/IMG_7543-640w.webp
c348a2024501781259686c5fe2bd7b95,2932,public/Velo Gallery/velo bar bilder 2/IMG_5863-80w.webp
2ee7f40180eee7fe1f3d1cb268b13c6f,22378,public/Velo Gallery/velo bar bilder 2/DSC07875-640w.jpg
d8a8bca3a58a3645ff8067ec1eae7ceb,19856,public/Velo Gallery/velo bar bilder 2/IMG_6918-640w.webp
43798b0f00be72afd72866a76a419f50,29683,public/Velo Gallery/velo bar bilder 2/G7-640w.jpg
ea8f46c84ce36192e55e94d350889b6d,2286,public/Velo Gallery/velo bar bilder 2/DSC03519-120w.webp
4708153e868fe602bf5ba9862132a262,20745,public/Velo Gallery/velo bar bilder 2/sebi-320w.jpg
d00176e71916229dad6a1d4e74262583,16187,public/Velo Gallery/velo bar bilder 2/Schenker-E-LKW-23-320w.jpg
52854594dc85a837b9f4e9706427d0ac,2040,public/Velo Gallery/velo bar bilder 2/3767168a-4c5c-4d36-bf20-8e390b86336c-120w.webp
e1dd9bbde4482d48baee575201b57912,63638,public/Velo Gallery/velo bar bilder 2/DSC00260-640w.jpg
6240a850c273c27e26b70fb577f25c5f,54386,public/Velo Gallery/velo bar bilder 2/IMG_6918.JPG
578e4604fefa36d1690673db173dc981,16880,public/Velo Gallery/velo bar bilder 2/IMG_6918-320w.jpg
447fd59a21ac064cf99e07d14fe04ebb,45834,public/Velo Gallery/velo bar bilder 2/G3-320w.jpg
66e989784c928011c5749ab4c73a550e,11852,public/Velo Gallery/velo bar bilder 2/G2-320w.jpg
e1c3a905d28647e66b28f66e662bf26a,94324,public/Velo Gallery/velo bar bilder 2/3767168a-4c5c-4d36-bf20-8e390b86336c.JPG
74ef8fc349a3a5b2902839c1c924c1c3,3032,public/Velo Gallery/velo bar bilder 2/DSC00174-80w.webp
0e36379a1d4278104784a3ec9e439941,17380,public/Velo Gallery/velo bar bilder 2/MINZ MARACUJA-640w.webp
4415fdc66d83f5639eb39516a2c0b96e,8022,public/Velo Gallery/velo bar bilder 2/our story -320w.webp
e43c0b8135a50a5e6229ffe54631ed1e,161473,public/Velo Gallery/velo bar bilder 2/53D8BEA9-DC8B-4A1C-BBF0-7776EAE2FAA7.JPG
5c3a61c4c63b74ea0d6a86baee6caf59,24817060,public/Velo Gallery/velo bar bilder 2/DSC09679.JPG
709206c1052680a5f673f7440801c2fd,6970758,public/Velo Gallery/velo bar bilder 2/IMG_1440.JPG
16f05fd3cbe5c57c49688e83b2623daa,2978,public/Velo Gallery/velo bar bilder 2/DSC07929-120w.webp
4843b2cc7891214b87fbcf2fa836c087,42951,public/Velo Gallery/velo bar bilder 2/DSC00143-320w.jpg
87ce387cd2826b783632f00b9dc558d2,1462,public/Velo Gallery/velo bar bilder 2/a30d6ea6-fa0a-4492-b744-7d3e13e444e6-80w.webp
3d8e01549eb633a060fc9565409f3256,11100,public/Velo Gallery/velo bar bilder 2/53D8BEA9-DC8B-4A1C-BBF0-7776EAE2FAA7-320w.webp
5a4c422285171348339cfcea64eeee01,19338,public/Velo Gallery/velo bar bilder 2/FAA20C66-CF13-464D-8309-B200753B0391-320w.jpg
c02074bd3d0f00d45107b3185b4d24af,25376,public/Velo Gallery/velo bar bilder 2/9524cdce-648f-47e1-aac2-dda4fa56b5ec-320w.webp
e3d91ca73f97237e58935f1935f611c0,22117493,public/Velo Gallery/velo bar bilder 2/G3.JPG
93813fae4d58f49e28ddd6379dbbd894,2378,public/Velo Gallery/velo bar bilder 2/032B467F-3EC9-4C01-9B4D-C11C02CD8ED6-120w.webp
a7641eb76ddecc96fd65778dd22166f5,2584,public/Velo Gallery/velo bar bilder 2/9127B453-BD48-4C38-AE31-8963BB99F72D-120w.webp
efa9191dc6ef95a6ba324a9dfbe19f57,81440,public/Velo Gallery/velo bar bilder 2/DSC00174-640w.jpg
f962d206dbb05d46d2f241ad1e967471,55585,public/Velo Gallery/velo bar bilder 2/a30d6ea6-fa0a-4492-b744-7d3e13e444e6-640w.jpg
f4fcf75695bbad2c82cc846fbd39daf2,45766,public/Velo Gallery/velo bar bilder 2/G5-640w.webp
f0ca96270470f9f76901f2acfd4cdd37,33580,public/Velo Gallery/velo bar bilder 2/DSC00254-640w.webp
d6955deafcf35f605c4616ef95bd1d7c,15690356,public/Velo Gallery/velo bar bilder 2/DSC00174.jpg
2a95234ab87d7785d8f2281a7fead17c,12570875,public/Velo Gallery/velo bar bilder 2/DSC07828.jpg
22384e0aca57dd4e2d5694b7b2c8c8c5,1224,public/Velo Gallery/velo bar bilder 2/G7-80w.webp
9a772fa2ecfa59272d11ed4c6c82fa61,33346,public/Velo Gallery/velo bar bilder 2/CD2A9D8A-EC59-4ACB-87BE-F348982277BD-320w.jpg
0d9d2c839af35157d9cf51115d2a16fd,2424,public/Velo Gallery/velo bar bilder 2/DSC00260-80w.webp
22cebd9931e18756d1303c503c91a473,9988,public/Velo Gallery/velo bar bilder 2/DSC07847-640w.webp
e782c39d70fc7ecbc5c2d89eb3732935,43916,public/Velo Gallery/velo bar bilder 2/6353f60f-e06b-4a82-9faf-afec2a55a9fd-640w.webp
b78de51f76a3ef4c267f13952b0c31aa,2042,public/Velo Gallery/velo bar bilder 2/DSC07850-120w.webp
19949d257720822d7c046170aead490c,1016,public/Velo Gallery/velo bar bilder 2/DSC07875-80w.webp
b2aa58de6abe29897a96dc48c1b6f01f,83097,public/Velo Gallery/velo bar bilder 2/IMG_5863-640w.jpg
fcc3697974e820d73b7c2ade2bec470d,18140,public/Velo Gallery/velo bar bilder 2/DSC07847-640w.jpg
a02887819fdf45d87c11239ef4c6dc8b,27038,public/Velo Gallery/velo bar bilder 2/20210814-DSC06359-320w.jpg
ff25319a94f80193ab1f5d8afa5819d8,88601,public/Velo Gallery/velo bar bilder 2/IMG_1440-640w.jpg
99f9f64ae550e768d45e9d1dc91ceb68,66850,public/Velo Gallery/velo bar bilder 2/9127B453-BD48-4C38-AE31-8963BB99F72D-640w.jpg
01c92d575e44cc7452950b1ad9bfc4ee,3988,public/Velo Gallery/velo bar bilder 2/Himbeer Hibiskus FIZZ-120w.webp
827773d3add3b50b83b1ff2eb70261d0,20946,public/Velo Gallery/velo bar bilder 2/Team Lars-320w.webp
4789dcf43da0eb598918fdf8e966ad6a,12374,public/Velo Gallery/velo bar bilder 2/DSC00337-320w.webp
26e895d548ab4b5897ad0d24f8db8f69,2922,public/Velo Gallery/velo bar bilder 2/Messen-80w.webp
7db2f74a6c4e452a95a39beaaf49270f,19991306,public/Velo Gallery/velo bar bilder 2/G2.JPG
4769130833b6d49eab81fe505b57387a,14094,public/Velo Gallery/velo bar bilder 2/Galerie-320w.jpg
3ea3042946246b4cbd6537c5e2347973,26952,public/Velo Gallery/velo bar bilder 2/MANGO ROSMARIN-640w.webp
732d1bc9cadf18ec5fca4df3c66218e2,1228,public/Velo Gallery/velo bar bilder 2/1d4a0f80-a847-4418-a8e0-004c4582a2a0-80w.webp
f70728dc4f32b10c1b3c132af6232d52,10390,public/Velo Gallery/velo bar bilder 2/20210814-DSC06342-320w.webp
414cadcd8b5a9df174d2d57e05f63c61,136744,public/Velo Gallery/velo bar bilder 2/5635c176-c3f9-4c04-880a-a5824c44b6e7-640w.jpg
265ecedcc0bc9a0dfbc780c897fb33e6,45302,public/Velo Gallery/velo bar bilder 2/Kontakt Sebi-640w.webp
d21938dcd376088d7026c33e9a805365,49496,public/Velo Gallery/velo bar bilder 2/TeamEvent und Workshops-320w.jpg
5639602c0a70c8ed81dace1005a8eca6,1486,public/Velo Gallery/velo bar bilder 2/20210910-DSC04622-80w.webp
e4027913a81fe99762b24a09f20c2f3c,17990,public/Velo Gallery/velo bar bilder 2/6353f60f-e06b-4a82-9faf-afec2a55a9fd-320w.jpg
63fd2f6de5ec52a6bd8a61b78ddc35d1,15316,public/Velo Gallery/velo bar bilder 2/G8-640w.webp
67a3a6bd9339c7fd8a8367120455817e,52294,public/Velo Gallery/velo bar bilder 2/FAA20C66-CF13-464D-8309-B200753B0391-640w.webp
82e8dd37424dea85bf967a0030041b45,51582,public/Velo Gallery/velo bar bilder 2/MANGO ROSMARIN-640w.jpg
33e271dcc3fff611f9f1756f69b70f6a,117457,public/Velo Gallery/velo bar bilder 2/Team Lars.JPG
91840fd0e91f2f2f40710cdefe8da9ab,1266,public/Velo Gallery/velo bar bilder 2/DSC00418-80w.webp
41c1584e2f17436fd99ba50a2653c190,28924,public/Velo Gallery/velo bar bilder 2/Team Lars-320w.jpg
67ded4964f1f74ebd021a371c0574f65,3048216,public/Velo Gallery/velo bar bilder 2/9127B453-BD48-4C38-AE31-8963BB99F72D.JPG
078d9f5e9b1b3571ff059d025def12f0,2442,public/Velo Gallery/velo bar bilder 2/Gallerie-120w.webp
8d96819aa43efb78be3223ad71595d7d,38864,public/Velo Gallery/velo bar bilder 2/DSC00143-320w.webp
1dfcc9d9027d502e3436486e40e30df6,1336,public/Velo Gallery/velo bar bilder 2/2120d94a-01b1-4d15-8904-81955542d988-80w.webp
9cfea3537d7504356efca23f6a9fe597,32695,public/Velo Gallery/velo bar bilder 2/G4-320w.jpg
678c04da333dddd4080a6b474627d790,1852,public/Velo Gallery/velo bar bilder 2/DSC00254-80w.webp
ef859d362b3d272110aeed593daf8439,1926,public/Velo Gallery/velo bar bilder 2/our story -120w.webp
ff3758801cf166921b983563bca49fa7,18733,public/Velo Gallery/velo bar bilder 2/G5-320w.jpg
655fed4ab2e00008771bea6a4280de01,32981,public/Velo Gallery/velo bar bilder 2/9524cdce-648f-47e1-aac2-dda4fa56b5ec-320w.jpg
9611b3fa748f88c70f73679e4f1fd005,66252,public/Velo Gallery/velo bar bilder 2/DSC09679-640w.jpg
26b56b572570bea79007de244c1bafb9,15476,public/Velo Gallery/velo bar bilder 2/DSC07929-320w.webp
a747c4e74c104a121e1f3e62cb5c7c20,677930,public/Velo Gallery/velo bar bilder 2/IMG_3839.jpg
0a85712bb32348976e90c346f8720398,38906,public/Velo Gallery/velo bar bilder 2/a30d6ea6-fa0a-4492-b744-7d3e13e444e6-640w.webp
ba25058d24e0a9e84027630a7602ce9b,8718,public/Velo Gallery/velo bar bilder 2/DSC03519-320w.webp
f33ebabc8ec8e89df3af51dc375738cb,50754,public/Velo Gallery/velo bar bilder 2/IMG_5834-640w.webp
20da15406a0e38e3b5331debf9bc2006,46330,public/Velo Gallery/velo bar bilder 2/DSC08563-640w.jpg
fdfea34f6558383d0891d5be31995e24,9762,public/Velo Gallery/velo bar bilder 2/3767168a-4c5c-4d36-bf20-8e390b86336c-320w.webp
1b2f805e3e039dfccab0aff321293f6a,24858,public/Velo Gallery/velo bar bilder 2/why us -640w.webp
e03c39587ccc8895afe60d601439d90e,46406,public/Velo Gallery/velo bar bilder 2/weihnachstfeier-640w.webp
49187cc7322127fb9744eac80df45eaa,3576,public/Velo Gallery/velo bar bilder 2/Basil smash-120w.webp
2782fed9a5da8e5d6e6a80f0461360fb,35575831,public/Velo Gallery/velo bar bilder 2/G5.jpg
c2fbca08e39661979cf00bd620783092,23754,public/Velo Gallery/velo bar bilder 2/A7401419-320w.webp
07de9da2d6d26d81d59eeaf348abc99e,321273,public/Velo Gallery/velo bar bilder 2/2120d94a-01b1-4d15-8904-81955542d988.JPG
6cf8e989b63934b31c365b805079591a,765562,public/Velo Gallery/velo bar bilder 2/Hochzeiten.JPG
16f3d287a1e5b85e1fb70a0f219fa617,30954,public/Velo Gallery/velo bar bilder 2/CD2A9D8A-EC59-4ACB-87BE-F348982277BD-320w.webp
c8f43059435428e902892bc5704ca379,110964,public/Velo Gallery/velo bar bilder 2/IMG_3839-640w.webp
26db951ea0e2b2cf31b2c6934c525128,1748,public/Velo Gallery/velo bar bilder 2/DSC00337-80w.webp
4d7a6d8e51e136f90de8dd6d9a544449,31468,public/Velo Gallery/velo bar bilder 2/A7401419-320w.jpg
e4171610920b025e9b8c48b1f63acd75,21663,public/Velo Gallery/velo bar bilder 2/DSC00209-320w.jpg
881a5903ddcfad423e14c7e48155aa2e,29400,public/Velo Gallery/velo bar bilder 2/DSC00209-640w.webp
51be9b0c72c37f63280979f28024ad03,58288,public/Velo Gallery/velo bar bilder 2/1d4a0f80-a847-4418-a8e0-004c4582a2a0-640w.webp
dfde8e4c7212d0f9dc302380ba215887,2244,public/Velo Gallery/velo bar bilder 2/Galerie-120w.webp
a7a3ab4e6965bcc494c13b59ce23eb27,2218,public/Velo Gallery/velo bar bilder 2/Himbeer Hibiskus FIZZ-80w.webp
87224abb6eb47f8316847a754ffe9209,130572,public/Velo Gallery/velo bar bilder 2/G3-640w.webp
37ec7ed7d85cfc77ccfdcb974627e078,60484,public/Velo Gallery/velo bar bilder 2/IMG_1440-640w.webp
2c11a24c968bfef47f513da114284ae8,7264,public/Velo Gallery/velo bar bilder 2/G7-320w.webp
4b7ee7213d46700d1c6724b5e79872f8,3008,public/Velo Gallery/velo bar bilder 2/DSC08563-120w.webp
10cfc46f1907ab984cf81b01b21fd155,5150,public/Velo Gallery/velo bar bilder 2/DSC00391-120w.webp
d12fc147905349836551b0410d0730f1,25948,public/Velo Gallery/velo bar bilder 2/Team-640w.webp
dd7d51d3b21d188943f02dd5e49bd7a7,25016,public/Velo Gallery/velo bar bilder 2/Schenker-E-LKW-70-320w.jpg
dcb75bc48b83ffcca1a85556c356fa1f,33636,public/Velo Gallery/velo bar bilder 2/DSC07850-640w.jpg
6ea47a5bfa0944becf9c39446b3d1aac,45124,public/Velo Gallery/velo bar bilder 2/20210814-DSC06359-640w.webp
24d030057c38fc5032398af22870d304,32424,public/Velo Gallery/velo bar bilder 2/DSC00185-640w.webp
64dbb7029f8e901179d77996f7beb168,10206,public/Velo Gallery/velo bar bilder 2/SPRITYVARIATIONE-320w.webp
05173ea6ee1b93fbf7b623f3e881925c,10476,public/Velo Gallery/velo bar bilder 2/DSC00418-320w.webp
afbdbb47ff3a1283360d752dfa3be8fe,9692,public/Velo Gallery/velo bar bilder 2/Schenker-E-LKW-23-320w.webp
c37c5aa0635da81705e12120c4a8bbed,1154,public/Velo Gallery/velo bar bilder 2/IMG_7543-80w.webp
2fc35b3cd4b1ecde7c0bbb0e2aed7ad7,21546420,public/Velo Gallery/velo bar bilder 2/G4.JPG
0f1d787eaf13e57cf95b613127c85e01,1168,public/Velo Gallery/velo bar bilder 2/032B467F-3EC9-4C01-9B4D-C11C02CD8ED6-80w.webp
1e78179aaaed85e49922b425e132d6f1,18429288,public/Velo Gallery/velo bar bilder 2/IMG_5863.JPG
7fff3839dc99990c03d41dea7f483774,60393,public/Velo Gallery/velo bar bilder 2/weihnachstfeier-640w.jpg
32fed5dd8bd301b8e76dbb236bd90f45,1114,public/Velo Gallery/velo bar bilder 2/3767168a-4c5c-4d36-bf20-8e390b86336c-80w.webp
2c9509a975b8f8deed5656c79124df54,62426,public/Velo Gallery/velo bar bilder 2/Messen-640w.webp
f72b412b6c4f154f565c52d4682d07e8,13948,public/Velo Gallery/velo bar bilder 2/A7401220-320w.webp
6908a5aa169e3d1ec665969c7fd799a0,63840,public/Velo Gallery/velo bar bilder 2/DSC00346-640w.jpg
f40ae0a168d734ee09f4e8c06a5037f4,19693,public/Velo Gallery/velo bar bilder 2/DSC07828-320w.jpg
a56f36ebcd74f5a97a181ade33ac9cf9,24705230,public/Velo Gallery/velo bar bilder 2/why us .jpg
c3e60936243e660111685b0fc97a1868,14980,public/Velo Gallery/velo bar bilder 2/DSC00346-320w.webp
dd5ba7240e2c2b58ef2dc5d1744c0fe9,50542,public/Velo Gallery/velo bar bilder 2/DSC00174-640w.webp
9f03147fdb0bd008d1bb18b451654324,39880,public/Velo Gallery/velo bar bilder 2/A7401318-640w.webp
b0d1d1a99b80a7106c3920e9336ca74e,1184,public/Velo Gallery/velo bar bilder 2/Team-80w.webp
d72a5997f41ab5086961766fc88a9e29,1566,public/Velo Gallery/velo bar bilder 2/20230326-DSC05298-80w.webp
d17d15606fbce1d8783a60b1c563be22,1358,public/Velo Gallery/velo bar bilder 2/A7401220-80w.webp
4c7f0501a4ee607d9025acf4bc051e96,2896,public/Velo Gallery/velo bar bilder 2/DSC00391-80w.webp
c6ae8459554ec03a2a3219e4a2f2fca8,23073,public/Velo Gallery/velo bar bilder 2/Basil smash-320w.jpg
8bb426f6b22e919f47d128331603b735,16121,public/Velo Gallery/velo bar bilder 2/Gallerie-320w.jpg
92091a87516f9e88f2da96612e22acfb,1464,public/Velo Gallery/velo bar bilder 2/DSC07929-80w.webp
b5e2434c2611c99aeee9c3b61203135c,30896,public/Velo Gallery/velo bar bilder 2/c8a071b1-b05a-4f91-8c11-cf1bd7348172-320w.jpg
c33ba8fe4642afe85ed229f44e89721f,33840,public/Velo Gallery/velo bar bilder 2/our story -640w.jpg
54ee337ea20bf3b97317f2357375fe3b,148320,public/Velo Gallery/velo bar bilder 2/TeamEvent und Workshops-640w.webp
3bed15c8ae511cad708a6830c9e042ec,13982501,public/Velo Gallery/velo bar bilder 2/G7.jpg
82bc9ee3814173e3187c3b2f95940f24,916,public/Velo Gallery/velo bar bilder 2/DSC07847-120w.webp
50a90f674ee67990620f8b49d7cdb2ac,5274,public/Velo Gallery/velo bar bilder 2/DSC07875-320w.webp
d8b8eea03a70813c064b61321d5e9a2d,163213,public/Velo Gallery/velo bar bilder 2/TeamEvent und Workshops-640w.jpg
0740ec1e5af5c5f1622b1969ec042ebb,38256,public/Velo Gallery/velo bar bilder 2/5635c176-c3f9-4c04-880a-a5824c44b6e7-320w.jpg
c2888fd72df7f1045c8a5f8de34150ee,18901023,public/Velo Gallery/velo bar bilder 2/Schenker-E-LKW-70.jpg
69ef21981be9771832562958596fbc4e,844,public/Velo Gallery/velo bar bilder 2/G8-80w.webp
cae15b756096639250e479c6a5f5561b,18968,public/Velo Gallery/velo bar bilder 2/DSC09679-320w.webp
d30c3c72d6040a68512b9b17ea2fffce,13344,public/Velo Gallery/velo bar bilder 2/Firmenfeier-320w.webp
334f2fce7c18c0cc5ed59fc061dfbfef,58975,public/Velo Gallery/velo bar bilder 2/6353f60f-e06b-4a82-9faf-afec2a55a9fd-640w.jpg
89ec4312fb78d2d5e0a8ea60c240bc31,757761,public/Velo Gallery/velo bar bilder 2/A7401419.jpg
68a8c05fb0f46e7698c3149efc583db0,12948,public/Velo Gallery/velo bar bilder 2/sebi-320w.webp
4e2d1d87df5be5790b2bbf99f46c0d94,2810,public/Velo Gallery/velo bar bilder 2/G5-120w.webp
220a0ffb079923bf6ed043e296821f1b,3310,public/Velo Gallery/velo bar bilder 2/DSC00254-120w.webp
1a4ecac8d67a299b3e781d5cebb48ce7,18164,public/Velo Gallery/velo bar bilder 2/MANGO ROSMARIN-320w.jpg
f6212e0967d0d56dc55a2f6295938168,60874,public/Velo Gallery/velo bar bilder 2/032B467F-3EC9-4C01-9B4D-C11C02CD8ED6-640w.webp
4bf8ad912fde6b55a329a1aa2e392a4c,63044,public/Velo Gallery/velo bar bilder 2/9127B453-BD48-4C38-AE31-8963BB99F72D-640w.webp
7ece229988ea603c46ed22bc0371d057,1102,public/Velo Gallery/velo bar bilder 2/53D8BEA9-DC8B-4A1C-BBF0-7776EAE2FAA7-80w.webp
1697d946e2b809de2b4ec9a571bde2b6,86916,public/Velo Gallery/velo bar bilder 2/Team Lars-640w.jpg
a2a3500e21037c5067873580ea795014,2788,public/Velo Gallery/velo bar bilder 2/MANGO ROSMARIN-120w.webp
f8b73def95006121fb0556501ea84b83,31276,public/Velo Gallery/velo bar bilder 2/5635c176-c3f9-4c04-880a-a5824c44b6e7-320w.webp
e3e1766e741ec3ad9d20624a5a6f59b4,59668,public/Velo Gallery/velo bar bilder 2/G5-640w.jpg
95cc676fcab8560f0c42f3b35ba7b0bf,97882,public/Velo Gallery/velo bar bilder 2/G4-640w.jpg
f79d6b84fbda0e1b84d284fd2c53ed6d,48040,public/Velo Gallery/velo bar bilder 2/Himbeer Hibiskus FIZZ-640w.webp
dc1e26890ee4cff9b0d2e94861b5c740,21048,public/Velo Gallery/velo bar bilder 2/DSC09679-320w.jpg
6b01c10d022f766265dede7c29e73892,118511,public/Velo Gallery/velo bar bilder 2/9524cdce-648f-47e1-aac2-dda4fa56b5ec-640w.jpg
b7c173d977e46f7de0b007952b7f8789,10790,public/Velo Gallery/velo bar bilder 2/20230326-DSC05298-320w.webp
28ad6189735da0516652d4bd4e83c9f5,2206,public/Velo Gallery/velo bar bilder 2/IMG_3839-80w.webp
93c4865c0838c218795316b3cb4210c5,1464,public/Velo Gallery/velo bar bilder 2/Hochzeiten-80w.webp
22e088ff8a9855e4d0ff67819ab681b1,15094,public/Velo Gallery/velo bar bilder 2/DSC07850-640w.webp
dfe39ba07c23dc9c4f354463f37c5406,25752,public/Velo Gallery/velo bar bilder 2/c8a071b1-b05a-4f91-8c11-cf1bd7348172-320w.webp
50203818a2af56b5ebde9144cfec5963,2982,public/Velo Gallery/velo bar bilder 2/6353f60f-e06b-4a82-9faf-afec2a55a9fd-120w.webp
e77621dc332e5e3d5ae41416b913f570,16893,public/Velo Gallery/velo bar bilder 2/DSC08563-320w.jpg
05a773ea4a2275074a4d17b79ea8e5c7,2599126,public/Velo Gallery/velo bar bilder 2/FAA20C66-CF13-464D-8309-B200753B0391.JPG
4415fdc66d83f5639eb39516a2c0b96e,8022,public/Velo Gallery/velo bar bilder 2/G2-320w.webp
36325fcce3999aa158cfaf5e803a98e2,1366,public/Velo Gallery/velo bar bilder 2/DSC03519-80w.webp
13e032698bfec926a0e001cc51c7977c,13924927,public/Velo Gallery/velo bar bilder 2/DSC00418.jpg
60c0f75f19a0e7f35db3adae28f197da,226996,public/Velo Gallery/velo bar bilder 2/9524cdce-648f-47e1-aac2-dda4fa56b5ec.JPG
7aebdf1ce3deaa6ecd562cad2b102dee,20458,public/Velo Gallery/velo bar bilder 2/Gallerie-640w.webp
095be24ec96e6e62c02f5bd05e659c87,17338,public/Velo Gallery/velo bar bilder 2/Hochzeiten-320w.webp
05a5824f3483789e5ff22fafcaee08c7,67642,public/Velo Gallery/velo bar bilder 2/FAA20C66-CF13-464D-8309-B200753B0391-640w.jpg
9f97206d18b8c88b4d63c4698f4478d0,1676372,public/Velo Gallery/velo bar bilder 2/SPRITYVARIATIONE.jpg
4fecdf33f5b64f4c2a71245c70a5e463,30399,public/Velo Gallery/velo bar bilder 2/DSC00174-320w.jpg
32407dbf1dcc507050f3a746b489c654,2882,public/Velo Gallery/velo bar bilder 2/FAA20C66-CF13-464D-8309-B200753B0391-120w.webp
77a80bd867f829b9aa27dd834b8b3518,806199,public/Velo Gallery/velo bar bilder 2/1d4a0f80-a847-4418-a8e0-004c4582a2a0.JPG
d1831a75394900cd2d99e10bc6bd4d16,17791,public/Velo Gallery/velo bar bilder 2/a30d6ea6-fa0a-4492-b744-7d3e13e444e6-320w.jpg
92cbb4c13da35f4c75e60a55e7a55f7f,3062,public/Velo Gallery/velo bar bilder 2/DSC00143-80w.webp
640b843545a05de94d912203db529797,7396,public/Velo Gallery/velo bar bilder 2/IMG_7543-320w.webp
59529ac7357b35e1a6af8db771d98f00,1386,public/Velo Gallery/velo bar bilder 2/G8-120w.webp
28adb916e53dbb4f9b08df839cfa98d7,9266,public/Velo Gallery/velo bar bilder 2/IMG_6918-320w.webp
7ca6d4961e0c44409879853d17e588b3,739847,public/Velo Gallery/velo bar bilder 2/A7401220.jpg
390a433ab57a1b74ab4ed79c602b3cd9,1694,public/Velo Gallery/velo bar bilder 2/IMG_6918-80w.webp
f2144898672adb71b188715cc796d85e,108523,public/Velo Gallery/velo bar bilder 2/CD2A9D8A-EC59-4ACB-87BE-F348982277BD-640w.jpg
e08a7ddf7b18f86492c3084899905b0b,16464,public/Velo Gallery/velo bar bilder 2/Schenker-E-LKW-70-320w.webp
41c557030e212a04bf0305318d4bfcef,3200,public/Velo Gallery/velo bar bilder 2/G3-80w.webp
1650df706bf2d706c64d42920247e1fb,1098,public/Velo Gallery/velo bar bilder 2/G2-80w.webp
fd7b5884c828b8eaadd16f7a098407a0,2136,public/Velo Gallery/velo bar bilder 2/sebi-80w.webp
fd46306b1848346ff2c0d8bb53ab4cd0,11722,public/Velo Gallery/velo bar bilder 2/2120d94a-01b1-4d15-8904-81955542d988-320w.webp
a3ef1fdffc455c8943ba09ac37ea320f,1444,public/Velo Gallery/velo bar bilder 2/Schenker-E-LKW-23-80w.webp
cab6f5b3cc223b22a390223517f9d6ae,4142,public/Velo Gallery/velo bar bilder 2/Kontakt Sebi-120w.webp
9cd02d52226ca578b93d5ddfb0f7d0be,2598,public/Velo Gallery/velo bar bilder 2/why us -120w.webp
45d118c0214a31b1b24aa96de5c96822,2584,public/Velo Gallery/velo bar bilder 2/weihnachstfeier-120w.webp
54845975b72004c60f27df01f2ea9ed1,1402,public/Velo Gallery/velo bar bilder 2/SPRITYVARIATIONE-80w.webp
6e54b80553a5a54835be8e8724c3a52d,13280673,public/Velo Gallery/velo bar bilder 2/DSC00209.jpg
7a197981b235a293ef8dc0f3547ddc07,5032,public/Velo Gallery/velo bar bilder 2/IMG_5834-120w.webp
a9e93175e9cd8fc33d2afbbc3694ab59,6709,public/Velo Gallery/velo bar bilder 2/DSC07847-320w.jpg
cf460fef3917e6bea0d6700b1c9af149,30976,public/Velo Gallery/velo bar bilder 2/IMG_5863-320w.jpg
2e80d6d1fb80a89e6c9c5ecdf2ba13d0,2848,public/Velo Gallery/velo bar bilder 2/a30d6ea6-fa0a-4492-b744-7d3e13e444e6-120w.webp
0801c03d606eb6c8990fb89f13458f6a,74449,public/Velo Gallery/velo bar bilder 2/20210814-DSC06359-640w.jpg
25adaffc5907d2a0fa9f103473cb88a8,22466104,public/Velo Gallery/velo bar bilder 2/DSC00143.jpg
5ea554689af26f4c04e92a1087f4c137,27981,public/Velo Gallery/velo bar bilder 2/IMG_1440-320w.jpg
cca6125a1d7baa8f6f4cc8274a3b63fb,7768,public/Velo Gallery/velo bar bilder 2/MINZ MARACUJA-320w.webp
f53f2f3620f3ab6263c5b7a49bac98cb,20884,public/Velo Gallery/velo bar bilder 2/our story -640w.webp
84f485ca819d730dd910f3428991694c,17639,public/Velo Gallery/velo bar bilder 2/9127B453-BD48-4C38-AE31-8963BB99F72D-320w.jpg
5c0f208a73353f3248c6e7a49f705dfe,10264299,public/Velo Gallery/velo bar bilder 2/G8.jpg
5356996c3247a68731b9e721ed71ef28,40273,public/Velo Gallery/velo bar bilder 2/Galerie-640w.jpg
ffcac0b028dc14e97b3aabe78678918e,2502,public/Velo Gallery/velo bar bilder 2/1d4a0f80-a847-4418-a8e0-004c4582a2a0-120w.webp
bacd7798997d4a206b63f62b5e2749b3,27074,public/Velo Gallery/velo bar bilder 2/Galerie-640w.webp
40f7705866f3ddf9d08202c19bb7c291,3746,public/Velo Gallery/velo bar bilder 2/DSC00209-120w.webp
d5b0e7a40133113f3085ac4bb1f3e2b0,139127,public/Velo Gallery/velo bar bilder 2/weihnachstfeier.JPG
cda25e4281d6dc0bdca1f22c938dbba9,17801,public/Velo Gallery/velo bar bilder 2/weihnachstfeier-320w.jpg
272a8e015cc4990f21ab1121513d9cdc,4668,public/Velo Gallery/velo bar bilder 2/IMG_3839-120w.webp
2753be2af445925d8924ee4eabbd1cee,1384,public/Velo Gallery/velo bar bilder 2/MINZ MARACUJA-80w.webp
9bcb32adf03f7296da652ee0f876d50c,12064,public/Velo Gallery/velo bar bilder 2/DSC07828-320w.webp
f591a305b7264c3e224e3a279fa5a5e0,24676,public/Velo Gallery/velo bar bilder 2/G4-320w.webp
77dd121ed60045814c7af7549fadfe55,2086,public/Velo Gallery/velo bar bilder 2/DSC00185-80w.webp
13f6b5a64b4af5ef1184df3b6d172d7c,22104,public/Velo Gallery/velo bar bilder 2/IMG_5863-320w.webp
6c74debf9405be658145d76d3eebf99a,13578,public/Velo Gallery/velo bar bilder 2/DSC08372-320w.webp
1925dafcb47756ffe3beef7cb2c1b5f7,23883,public/Velo Gallery/velo bar bilder 2/DSC00346-320w.jpg
67eb81d09fe99cb4e7d6de42a7224d68,54139,public/Velo Gallery/velo bar bilder 2/DSC07828-640w.jpg
5043b107e399a2527311b567eeeec3a7,40732,public/Velo Gallery/velo bar bilder 2/Basil smash-640w.webp
8b3756975272144e74384f672fb774d2,15618,public/Velo Gallery/velo bar bilder 2/20210910-DSC04622-320w.webp
dca24b7b0d8092c9a1defcd4a688cc45,11517941,public/Velo Gallery/velo bar bilder 2/MINZ MARACUJA.jpg
f50cad68852b3432353dbc161ef1a5be,4776,public/Velo Gallery/velo bar bilder 2/20210814-DSC06359-120w.webp
cfe37508321449a77f57549c93f0076f,3498,public/Velo Gallery/velo bar bilder 2/DSC00185-120w.webp
817e9e3795db60b3797b285c837ac0db,42767,public/Velo Gallery/velo bar bilder 2/Gallerie-640w.jpg
8a5c6fe893a8cddd61676eaced59d13d,44990,public/Velo Gallery/velo bar bilder 2/DSC00391-640w.webp
e46ee28bc09f687885f845196619accc,2174,public/Velo Gallery/velo bar bilder 2/Team-120w.webp
ada8678274447c3d52e1c01d1f84bb6a,65892,public/Velo Gallery/velo bar bilder 2/Basil smash-640w.jpg
8223b47ba09687df0add452fa1b9d4d9,12919091,public/Velo Gallery/velo bar bilder 2/DSC00185.jpg
f45f184ef173e2cde825f071bccd457e,242404,public/Velo Gallery/velo bar bilder 2/CD2A9D8A-EC59-4ACB-87BE-F348982277BD.JPG
32de7793203183dff8aa170f1956c9e9,31636,public/Velo Gallery/velo bar bilder 2/DSC08563-640w.webp
66e989784c928011c5749ab4c73a550e,11852,public/Velo Gallery/velo bar bilder 2/our story -320w.jpg
8dc9b003c3ac46c1e9b01011d00e4f18,103446,public/Velo Gallery/velo bar bilder 2/c8a071b1-b05a-4f91-8c11-cf1bd7348172-640w.jpg
b7ac5fe676cfe4782cc1a6b2f1a9d982,4148,public/Velo Gallery/velo bar bilder 2/IMG_1440-120w.webp
3719e8d8f6f6c9061f24dd4dd8adc9ba,15792,public/Velo Gallery/velo bar bilder 2/DSC00260-320w.webp
e85726dcac7cfaa9d60f23ccbba4b056,6824,public/Velo Gallery/velo bar bilder 2/G3-120w.webp
0937f3196c6de9a6181609bf7266caba,14017059,public/Velo Gallery/velo bar bilder 2/DSC00346.jpg
6d61800074cb9c19f18379d56919b871,1350,public/Velo Gallery/velo bar bilder 2/Firmenfeier-80w.webp
86ada25e62a73ad5cd15fe6fa84758b9,5476,public/Velo Gallery/velo bar bilder 2/DSC00174-120w.webp
4afcef8ac995b6767e0eaf753e28c88f,3616,public/Velo Gallery/velo bar bilder 2/A7401318-120w.webp
c365850ca94dfb5b9f4f45e150f8d52a,15163711,public/Velo Gallery/velo bar bilder 2/DSC00391.jpg
6e1be0a167b8156f7eaed4c2c3d58e10,116648,public/Velo Gallery/velo bar bilder 2/optimized/Team.webp
824b0364da8bcd0747493763058635f7,66594,public/Velo Gallery/velo bar bilder 2/optimized/A7401318.webp
6cf202cb2e1d0f31871e0660053f92ef,74546,public/Velo Gallery/velo bar bilder 2/optimized/IMG_5863.webp
c0bd1466b8c89242740dddb2b21fe9a1,85820,public/Velo Gallery/velo bar bilder 2/optimized/IMG_5834.webp
8bf1fd7ebd8720134eb939930ccd9f03,110872,public/Velo Gallery/velo bar bilder 2/optimized/why us .webp
9d4b6fdc3189a85b915a2b5f01dc9ea7,53232,public/Velo Gallery/velo bar bilder 2/optimized/DSC00254.webp
2dbd2b0cc28bca6244b36bc1b567e5b2,90010,public/Velo Gallery/velo bar bilder 2/optimized/SPRITYVARIATIONE.webp
c60f01fbf85f7bf10ee09dae4f6a9072,55094,public/Velo Gallery/velo bar bilder 2/optimized/DSC00346.webp
219932488408c2f5c8a43f554ea1a2bc,162660,public/Velo Gallery/velo bar bilder 2/optimized/DSC07929.webp
68d367ad662eed32d780610b45036dcf,48594,public/Velo Gallery/velo bar bilder 2/optimized/DSC00185.webp
b1d941061db79955fe0c33210d18e741,93988,public/Velo Gallery/velo bar bilder 2/optimized/IMG_1440.webp
d35b89119b42605405b36d906636fcef,382380,public/Velo Gallery/velo bar bilder 2/optimized/1d4a0f80-a847-4418-a8e0-004c4582a2a0.webp
ddecd2b1d8b9b5fa690c47477f2ad456,40100,public/Velo Gallery/velo bar bilder 2/optimized/20230326-DSC05298.webp
2535b8c18d64a8a739e7bea6d28f0fca,59648,public/Velo Gallery/velo bar bilder 2/optimized/Basil smash.webp
2682a89bc11976d336fda9462b880d93,581082,public/Velo Gallery/velo bar bilder 2/optimized/032B467F-3EC9-4C01-9B4D-C11C02CD8ED6.webp
fa52e977e3781aff7e1d80b2331b8c8a,37340,public/Velo Gallery/velo bar bilder 2/optimized/20210814-DSC06342.webp
02f83911adc3e9dfec1aba2700d4c8c3,22354,public/Velo Gallery/velo bar bilder 2/optimized/DSC07850.webp
c33ff399c01d8830f6f8d59d1a87ac36,44166,public/Velo Gallery/velo bar bilder 2/optimized/sebi.webp
7cccf05ce4c53ca5af53ab86d0394fa2,43380,public/Velo Gallery/velo bar bilder 2/optimized/DSC00209.webp
706b80b9db6eb8b97746b16bcd166056,30542,public/Velo Gallery/velo bar bilder 2/optimized/Gallerie.webp
c0481c9afb602ac3a650f856c1ec9f5c,172922,public/Velo Gallery/velo bar bilder 2/optimized/A7401220.webp
eb04df46f0ec6aebde2d27c6b5c4187f,262462,public/Velo Gallery/velo bar bilder 2/optimized/DSC09679.webp
35efee26c1f1a12565c5cfc6e7118276,66070,public/Velo Gallery/velo bar bilder 2/optimized/G7.webp
642b76095cf26e04c6bd1735d4057c50,44320,public/Velo Gallery/velo bar bilder 2/optimized/DSC00337.webp
8fc8763190373cbcb97cadab3d2f2708,112942,public/Velo Gallery/velo bar bilder 2/optimized/DSC00418.webp
9f9198995274a10fac284c92f4465878,68472,public/Velo Gallery/velo bar bilder 2/optimized/20210814-DSC06359.webp
985413f135f08eac194981ff212b8806,71618,public/Velo Gallery/velo bar bilder 2/optimized/Schenker-E-LKW-70.webp
60a3cd321dbc53b6a785747c1b73460c,393888,public/Velo Gallery/velo bar bilder 2/optimized/Hochzeiten.webp
69946f4b5b2fb29bd6229f7697b198e8,45934,public/Velo Gallery/velo bar bilder 2/optimized/DSC07847.webp
cbcaa9e16cb3acde898412cf817ae282,169338,public/Velo Gallery/velo bar bilder 2/optimized/DSC00143.webp
83143f0f3e6b9544855874c519ed9ad8,228482,public/Velo Gallery/velo bar bilder 2/optimized/IMG_3839.webp
eb05fdb6f4333d7a53f7e995e88566e4,30784,public/Velo Gallery/velo bar bilder 2/optimized/DSC03519.webp
e806fc9e5cc799d139e52324ebc3de7d,230394,public/Velo Gallery/velo bar bilder 2/optimized/G5.webp
cca230ffc52c2a8ce03aca7c1393829c,224048,public/Velo Gallery/velo bar bilder 2/optimized/20210910-DSC04622.webp
fe8f1848e2d5682274173d46f60d35c1,113086,public/Velo Gallery/velo bar bilder 2/optimized/Galerie.webp
adc5956d368c872906716fa3140361ec,94018,public/Velo Gallery/velo bar bilder 2/optimized/Messen.webp
9c0add3e910f79b164cf5e410742aa5c,198686,public/Velo Gallery/velo bar bilder 2/optimized/Firmenfeier.webp
db0e611390a7d736192c262d8406952f,97124,public/Velo Gallery/velo bar bilder 2/optimized/our story .webp
5672306ecc09af3fcac2ae4b1acfc2e1,74012,public/Velo Gallery/velo bar bilder 2/optimized/DSC00174.webp
c2c6307150e5b67a301913d0f7ebb10d,105466,public/Velo Gallery/velo bar bilder 2/optimized/G4.webp
a6044a0b2618af8466c966b5c3b2818b,227668,public/Velo Gallery/velo bar bilder 2/optimized/TeamEvent und Workshops.webp
597958f43ed6935b91a6b78924265803,44580,public/Velo Gallery/velo bar bilder 2/optimized/DSC07828.webp
b77d7497c661f45864ff4c61b072f74d,66606,public/Velo Gallery/velo bar bilder 2/optimized/G8.webp
6e59092e47aa682efb4e97ee3099d4e4,40892,public/Velo Gallery/velo bar bilder 2/optimized/MANGO ROSMARIN.webp
ec24e40eb5c333a646ed405ba6959276,196020,public/Velo Gallery/velo bar bilder 2/optimized/G3.webp
312d57f3939cc819179f322cf36d37ab,54248,public/Velo Gallery/velo bar bilder 2/optimized/DSC00260.webp
f4e991a39e1fc7aead4f4410f0ff5b07,126970,public/Velo Gallery/velo bar bilder 2/optimized/DSC08563.webp
925f5d2fc43e66027d03a0b13a123938,68238,public/Velo Gallery/velo bar bilder 2/optimized/DSC00391.webp
264eda18ad65c803c1e6dc02f5c2c4ca,71882,public/Velo Gallery/velo bar bilder 2/optimized/Himbeer Hibiskus FIZZ.webp
a35dad541104a75e75713907a1271914,167854,public/Velo Gallery/velo bar bilder 2/optimized/DSC08372.webp
ed5497b1ed4df34d286a4576da2e076d,95980,public/Velo Gallery/velo bar bilder 2/optimized/IMG_7543.webp
eff7cae221f672e2d3a234bc5d08dbb0,25536,public/Velo Gallery/velo bar bilder 2/optimized/MINZ MARACUJA.webp
25ee69f6ca153624ab32e480dd1549fe,177444,public/Velo Gallery/velo bar bilder 2/optimized/FAA20C66-CF13-464D-8309-B200753B0391.webp
62d8f4d30f0032a0196cd0f85d1bf52c,45150,public/Velo Gallery/velo bar bilder 2/optimized/DSC07875.webp
8087f32146657b896104221e4178e739,35206,public/Velo Gallery/velo bar bilder 2/optimized/Schenker-E-LKW-23.webp
388571d3f0379772fe744bacc76caade,98650,public/Velo Gallery/velo bar bilder 2/optimized/A7401419.webp
2a96e245d89be4fc67eb37ad74aef560,544710,public/Velo Gallery/velo bar bilder 2/optimized/9127B453-BD48-4C38-AE31-8963BB99F72D.webp
db0e611390a7d736192c262d8406952f,97124,public/Velo Gallery/velo bar bilder 2/optimized/G2.webp
5c3161ae145cfd28a2222944945c3c9b,1484,public/Velo Gallery/velo bar bilder 2/20210814-DSC06342-80w.webp
d0d68fd10333fd2a3661f1c781cabd8f,2684,public/Velo Gallery/velo bar bilder 2/IMG_5834-80w.webp
12a862d7f9bb305fa2892856367ec493,1366,public/Velo Gallery/velo bar bilder 2/why us -80w.webp
91a0515a6fb579065bb77ef7c5fada06,5570,public/Velo Gallery/velo bar bilder 2/Messen-120w.webp
c1245c08dfa22bd7c54f5435ed3ba939,17515355,public/Velo Gallery/velo bar bilder 2/Firmenfeier.JPG
6129a13fa821c693597bb4e3f2639aec,2140,public/Velo Gallery/velo bar bilder 2/A7401318-80w.webp
6282f0153a6d176b2072b77a52a3746e,56431,public/Velo Gallery/velo bar bilder 2/DSC00209-640w.jpg
afb7e76f16b41d2f5853d539c2808d8b,95071,public/Velo Gallery/velo bar bilder 2/A7401419-640w.jpg
ff8ab4357befe4aa2cb4dccdbe718f0c,7040,public/Velo Gallery/velo bar bilder 2/TeamEvent und Workshops-120w.webp
adf7b39057d181bcf2fdf25806281156,21531869,public/Velo Gallery/velo bar bilder 2/MANGO ROSMARIN.jpg
4480f214641d2578a98b0bbae03caeb3,77185,public/Velo Gallery/velo bar bilder 2/Schenker-E-LKW-70-640w.jpg
69727217d9ca829371c4d96d65b2b797,13044,public/Velo Gallery/velo bar bilder 2/DSC07850-320w.jpg
bfc404392284f0a17a9c331f014d68ca,2286,public/Velo Gallery/velo bar bilder 2/Kontakt Sebi-80w.webp
2b2f2df7dc48b7cb3dd9fd86840e9197,1408,public/Velo Gallery/velo bar bilder 2/DSC08372-80w.webp
98f1d976457ded403b988d418e2622df,2630,public/Velo Gallery/velo bar bilder 2/DSC08372-120w.webp
2daaacde1fb2c269a18e815a70d5329b,21689340,public/Velo Gallery/velo bar bilder 2/20230326-DSC05298.jpg
319e4a11f0d4b87cd731214d89c90a4e,93856,public/Velo Gallery/velo bar bilder 2/CD2A9D8A-EC59-4ACB-87BE-F348982277BD-640w.webp
6d058d89722b0556c92036ffdc46fd5c,5476,public/Velo Gallery/velo bar bilder 2/IMG_5863-120w.webp
4f83a3a4204433366838dd1ec9a11a05,1686,public/Velo Gallery/velo bar bilder 2/Schenker-E-LKW-70-80w.webp
316c8a0de78f91e708e0bb4f1fd73be5,2902,public/Velo Gallery/velo bar bilder 2/DSC07828-120w.webp
39f4e39d4d7ea3b0379dcb5813dc9a1d,5228,public/Velo Gallery/velo bar bilder 2/G4-120w.webp
fa90bc5faa6bb7f0cfec4591d015b0ba,64572,public/Velo Gallery/velo bar bilder 2/A7401419-640w.webp
d0360913a5dfc7339a419c0096585ca0,11747,public/Velo Gallery/velo bar bilder 2/IMG_7543-320w.jpg
fa9e0cfd60efe7c4ced723c4cc10593f,53366,public/Velo Gallery/velo bar bilder 2/DSC08372-640w.jpg
17ccb0964b4f5e066c673d62e33dd628,73776,public/Velo Gallery/velo bar bilder 2/Kontakt Sebi-640w.jpg
0fe06e9af0eedd0dd39fac73e8a77214,13156,public/Velo Gallery/velo bar bilder 2/DSC00209-320w.webp
1d131d3f13bbe117cd5d1b7732938858,362699,public/Velo Gallery/velo bar bilder 2/6353f60f-e06b-4a82-9faf-afec2a55a9fd.JPG
e55c187c8d7b8cdeb4cd7754a0ec14d0,27220,public/Velo Gallery/velo bar bilder 2/Himbeer Hibiskus FIZZ-320w.jpg
491baeccd5e681f242da7b9377112f13,15540,public/Velo Gallery/velo bar bilder 2/1d4a0f80-a847-4418-a8e0-004c4582a2a0-320w.webp
34e29877584732fe537c256830a522c5,14123773,public/Velo Gallery/velo bar bilder 2/DSC00254.jpg
1cfe749aaaf438b825edc9b2201f247f,33578,public/Velo Gallery/velo bar bilder 2/IMG_3839-320w.webp
6a2714c44afaa1c25c6740aa28a37190,3256004,public/Velo Gallery/velo bar bilder 2/032B467F-3EC9-4C01-9B4D-C11C02CD8ED6.JPG
2d8e432515a4159713616372e88cc911,40168,public/Velo Gallery/velo bar bilder 2/why us -640w.jpg
2e0b32de824b82f79f34f3de1e08d907,10342,public/Velo Gallery/velo bar bilder 2/Team-320w.webp
d9b812fd290e0188654bcc4063ca888e,42466,public/Velo Gallery/velo bar bilder 2/G3-320w.webp
d3e6b8d9d0a8e8d7c8421b93ec95bbb4,4250,public/Velo Gallery/velo bar bilder 2/DSC00260-120w.webp
91286bd85e8f165d530057efb56bb018,16190,public/Velo Gallery/velo bar bilder 2/G7-640w.webp
edd5bfd9bea8d16ebf74d2e0a4b8c81d,2548,public/Velo Gallery/velo bar bilder 2/A7401419-80w.webp
f5a157d333a7b2fdb2844a23ac81bd30,20690,public/Velo Gallery/velo bar bilder 2/IMG_1440-320w.webp
33a56b5fa1e66eb38d4dec5e33fba7c3,20310,public/Velo Gallery/velo bar bilder 2/DSC00337-320w.jpg
6c60f65d4d05345c12d2241353ec19ea,67697,public/Velo Gallery/velo bar bilder 2/A7401318-640w.jpg
9e42cd822373d46d1cb0f6996792cbea,2174,public/Velo Gallery/velo bar bilder 2/DSC00209-80w.webp
e570c02e77423b9ee359b7eb76e99f42,23646,public/Velo Gallery/velo bar bilder 2/Schenker-E-LKW-23-640w.webp
c8e31d16f968c827748fee5501f7ff1a,27072,public/Velo Gallery/velo bar bilder 2/DSC00418-640w.webp
49a3a66ce4bb802d64d2c64feca23670,2708,public/Velo Gallery/velo bar bilder 2/20210910-DSC04622-120w.webp
88cccd49afeb8366e68a1ab5326b7faf,14021960,public/Velo Gallery/velo bar bilder 2/Gallerie.jpg
b0b6b82d655b73be3ff36827a0f378f8,52569,public/Velo Gallery/velo bar bilder 2/Firmenfeier-640w.jpg
35caa7aec8cd17cbe904e507e477b8ca,85892,public/Velo Gallery/velo bar bilder 2/IMG_5834-640w.jpg
582fb7ac66feaead25ba0736b1e44158,12373175,public/Velo Gallery/velo bar bilder 2/20210814-DSC06342.JPG
d15b4cd799e6e8e049f964efb0fb0df7,12700012,public/Velo Gallery/velo bar bilder 2/Himbeer Hibiskus FIZZ.jpg
c3d1212455f5e5cf37c730c832ba1322,23620,public/Velo Gallery/velo bar bilder 2/SPRITYVARIATIONE-640w.webp
322a39bd74caa10956564633c270f9e1,48449,public/Velo Gallery/velo bar bilder 2/20210814-DSC06342-640w.jpg
6f4cb3f2ec8b409b81a101c0b3247cd8,13958,public/Velo Gallery/velo bar bilder 2/DSC00185-320w.webp
f98cfbb50024f7c68d584e9c146111a6,19240,public/Velo Gallery/velo bar bilder 2/20210814-DSC06359-320w.webp
bfdfdf906d6d1ddc77767107b2d4d28d,2380,public/Velo Gallery/velo bar bilder 2/c8a071b1-b05a-4f91-8c11-cf1bd7348172-80w.webp
161ec636aa4115ef225acedafb7d1c4d,12795071,public/Velo Gallery/velo bar bilder 2/DSC00337.jpg
82dbb6bb817b6a5ea9713cccad36e90d,27034,public/Velo Gallery/velo bar bilder 2/Messen-320w.webp
ea06171bae1069b3f1c35d7e297042c7,1848,public/Velo Gallery/velo bar bilder 2/Basil smash-80w.webp
3ce473224cfeff7b8496f384c9ad88ed,18136,public/Velo Gallery/velo bar bilder 2/DSC07929-320w.jpg
768975835d8c27d97731c05679cbc563,1464,public/Velo Gallery/velo bar bilder 2/Gallerie-80w.webp
5a5292a10f3a8f5ca583d65732c1fc6e,36178,public/Velo Gallery/velo bar bilder 2/DSC00346-640w.webp
fecce1745d712dbd2a44457855a4f79f,17842,public/Velo Gallery/velo bar bilder 2/20230326-DSC05298-320w.jpg
18f15b4fd0ebd5c0f11beec5e28ec8e4,17435,public/Velo Gallery/velo bar bilder 2/A7401220-320w.jpg
21967c7b0975d1e3598666f280216716,21752,public/Velo Gallery/velo bar bilder 2/DSC00174-320w.webp
a521c98da445fcc37737ec364cd23496,14570,public/Velo Gallery/velo bar bilder 2/A7401318-320w.webp
4feec21a96510e1464f40c6695f0ff58,14349,public/Velo Gallery/velo bar bilder 2/Team-320w.jpg
12ef3731989a9646c82ccbfbaf08b81a,37934,public/Velo Gallery/velo bar bilder 2/A7401220-640w.webp
41886851f715640b066bbc7eb3ce801d,27455,public/Velo Gallery/velo bar bilder 2/DSC00391-320w.jpg
f17752c0175037a69dc6143fda18cc3b,1550,public/Velo Gallery/velo bar bilder 2/DSC07828-80w.webp
9a3428b9841ef33823e1e1f5b70724aa,58932,public/Velo Gallery/velo bar bilder 2/DSC00185-640w.jpg
f6030b1f7ba4ac503978bea42686355e,49696,public/Velo Gallery/velo bar bilder 2/TeamEvent und Workshops-320w.webp
8cac556d6abbe279b4394ec967e1fe3e,16555,public/Velo Gallery/velo bar bilder 2/032B467F-3EC9-4C01-9B4D-C11C02CD8ED6-320w.jpg
7f7ea6da66b7882407f1264c704fbc4b,13954,public/Velo Gallery/velo bar bilder 2/3767168a-4c5c-4d36-bf20-8e390b86336c-320w.jpg
c9f89ee5d9ad9e010015906aa12e5023,36801,public/Velo Gallery/velo bar bilder 2/MINZ MARACUJA-640w.jpg
0ee9bdd2a8407ac431e1adaf166b8f30,14412,public/Velo Gallery/velo bar bilder 2/DSC00254-320w.webp
b5d9629a2caa915af4bb5904210aac78,15748,public/Velo Gallery/velo bar bilder 2/G5-320w.webp
b4c25d1acd7ba08fc78bafc89893b7fb,2620,public/Velo Gallery/velo bar bilder 2/20210814-DSC06359-80w.webp
856f89d32341814fb417ef0ef4d4035a,3548,public/Velo Gallery/velo bar bilder 2/sebi-120w.webp
57b3bf10bbc1a9e550304d7da112c58d,34977,public/Velo Gallery/velo bar bilder 2/Messen-320w.jpg
b26ddf9452ad6a6bf5f697ff33e23e30,1278,public/Velo Gallery/velo bar bilder 2/Galerie-80w.webp
0851c745ffb4e2786f1f30e4137a6ea8,91680,public/Velo Gallery/velo bar bilder 2/9524cdce-648f-47e1-aac2-dda4fa56b5ec-640w.webp
635920d70d4ce471e02cbeb3f39ae00a,17938,public/Velo Gallery/velo bar bilder 2/1d4a0f80-a847-4418-a8e0-004c4582a2a0-320w.jpg
f64edf7e0204a4204bd86b2e4cb7191c,33006,public/Velo Gallery/velo bar bilder 2/53D8BEA9-DC8B-4A1C-BBF0-7776EAE2FAA7-640w.webp
37408019f849870bbac3a16e17b0f1cb,10322898,public/Velo Gallery/velo bar bilder 2/DSC07850.jpg
3f48876c0705e6bfd7147d9099033af0,37852,public/Velo Gallery/velo bar bilder 2/SPRITYVARIATIONE-640w.jpg
1a17348418758fbebca778e0c559ecdc,1570,public/Velo Gallery/velo bar bilder 2/DSC07875-120w.webp
9dd35a24d0b18d87649ef2c9478f501d,3888,public/Velo Gallery/velo bar bilder 2/DSC07847-320w.webp
67440ee9e8197b84493524bf4b468642,2506,public/Velo Gallery/velo bar bilder 2/Firmenfeier-120w.webp
6a526be5e8ec9f224301689fa5dcb0ad,3126,public/Velo Gallery/velo bar bilder 2/DSC09679-120w.webp
04d7ea703c9a7626ee220d8ba496ba8d,8935,public/Velo Gallery/velo bar bilder 2/DSC07875-320w.jpg
16aff1f5cc9212efa6ba75de4b03360a,4408,public/Velo Gallery/velo bar bilder 2/c8a071b1-b05a-4f91-8c11-cf1bd7348172-120w.webp
0fed999f5b15d4a3ad0cf23d7a5b484f,11280,public/Velo Gallery/velo bar bilder 2/G7-320w.jpg
58b1632e6c6ed62f5f2564372a74dbc1,23907,public/Velo Gallery/velo bar bilder 2/DSC00260-320w.jpg
6e9e901d6d1401be8733c892690ee2d8,43625,public/Velo Gallery/velo bar bilder 2/Schenker-E-LKW-23-640w.jpg
051234726b1fcefd595434cdcf18b74e,54967,public/Velo Gallery/velo bar bilder 2/sebi-640w.jpg
c33ba8fe4642afe85ed229f44e89721f,33840,public/Velo Gallery/velo bar bilder 2/G2-640w.jpg
2bdfa2b7e31c6732d8d3f1c7ea6a7193,300752,public/Velo Gallery/velo bar bilder 2/c8a071b1-b05a-4f91-8c11-cf1bd7348172.JPG
ef859d362b3d272110aeed593daf8439,1926,public/Velo Gallery/velo bar bilder 2/G2-120w.webp
d6886dcf84038903b6abfc6bb95f63b3,152122,public/Velo Gallery/velo bar bilder 2/G3-640w.jpg
745c5a36e18e013c7be69c25b6e2555c,2158,public/Velo Gallery/velo bar bilder 2/CD2A9D8A-EC59-4ACB-87BE-F348982277BD-80w.webp
90f30907c6d0356a38b12b4ef7e1a6d1,42885,public/Velo Gallery/velo bar bilder 2/IMG_6918-640w.jpg
32e2a81df861389300c15d1acfa5bb52,14062,public/Velo Gallery/velo bar bilder 2/6353f60f-e06b-4a82-9faf-afec2a55a9fd-320w.webp
0a10cc690667919e3707e622a4a380c8,56854,public/Velo Gallery/velo bar bilder 2/Team Lars-640w.webp
f6c0b93d39a17f168b31c85b64259202,1510,public/Velo Gallery/velo bar bilder 2/FAA20C66-CF13-464D-8309-B200753B0391-80w.webp
f57f9edf3ded8d75b08ee4098652d4b4,10668,public/Velo Gallery/velo bar bilder 2/MANGO ROSMARIN-320w.webp
b26d3e38d6a0955ab07d689ebfcd3628,4576,public/Velo Gallery/velo bar bilder 2/5635c176-c3f9-4c04-880a-a5824c44b6e7-120w.webp
748428ad8141e91f4c8a361b2298d71f,28658,public/Velo Gallery/velo bar bilder 2/DSC00337-640w.webp
d2ba40c03a7ada00ae820edd0452ad2f,2712,public/Velo Gallery/velo bar bilder 2/20230326-DSC05298-120w.webp
1fa4cdfa2f092e22fe72a1bd1003fd15,136064,public/Velo Gallery/velo bar bilder 2/DSC00143-640w.jpg
5ed8be99f3ec6eb4396a2cd75c5322c0,2812,public/Velo Gallery/velo bar bilder 2/IMG_6918-120w.webp
e80e51448014651d939ac8a33725b2a7,5862,public/Velo Gallery/velo bar bilder 2/G8-320w.webp
a5caaeeaa38c8251029293e18afaa9fd,73740,public/Velo Gallery/velo bar bilder 2/Hochzeiten-640w.jpg
71068054b974eaadc066a73e87528dc1,123814,public/Velo Gallery/velo bar bilder 2/IMG_3839-640w.jpg
6dea347f22669e5324c693b975e4dcd8,1948,public/Velo Gallery/velo bar bilder 2/IMG_7543-120w.webp
1e111a55adbb3ccf1173ea8e6b74b830,40432,public/Velo Gallery/velo bar bilder 2/DSC03519-640w.jpg
9bd774605ec354ef7e255098b315ea9e,19942,public/Velo Gallery/velo bar bilder 2/Kontakt Sebi-320w.webp
993e904711e87d930f435e058f0abccb,24748,public/Velo Gallery/velo bar bilder 2/20210814-DSC06342-640w.webp
1fa59f04f9a0122dc87d4f84ff49d44a,11049094,public/Velo Gallery/velo bar bilder 2/Basil smash.jpg
a3e4450f5d12596c8c41c28bcf2837ee,2316,public/Velo Gallery/velo bar bilder 2/2120d94a-01b1-4d15-8904-81955542d988-120w.webp
b271075dff5917c96654436a90c3fc1d,11943378,public/Velo Gallery/velo bar bilder 2/DSC07847.jpg
723e84b43a7c6942f9e06f870dbb51ba,3310,public/Velo Gallery/velo bar bilder 2/Schenker-E-LKW-70-120w.webp
e02651d7bfc9dad753de6769ba58d2a8,22161,public/Velo Gallery/velo bar bilder 2/DSC00254-320w.jpg
04a961013dd48677c0339e4f3403fdd4,2688,public/Velo Gallery/velo bar bilder 2/G4-80w.webp
decc5cafa19290607f93a3ba54642c3c,1458,public/Velo Gallery/velo bar bilder 2/G5-80w.webp
72552a7268f85a2d656ea1a309e32a99,108004,public/Velo Gallery/velo bar bilder 2/DSC00143-640w.webp
33ac41814264bfe5d24da4e246ec3665,18129,public/Velo Gallery/velo bar bilder 2/2120d94a-01b1-4d15-8904-81955542d988-320w.jpg
1c31f1c2da3483907e7cda3e836bd7f6,2800,public/Velo Gallery/velo bar bilder 2/Hochzeiten-120w.webp
03d6a05f9c6b44ef815f470e277fc84d,1982,public/Velo Gallery/velo bar bilder 2/9524cdce-648f-47e1-aac2-dda4fa56b5ec-80w.webp
1d5737808c18b6a239a658060d8c9e0f,14400,public/Velo Gallery/velo bar bilder 2/FAA20C66-CF13-464D-8309-B200753B0391-320w.webp
54c0c7efefc2b2cc06f86408c3596f17,39020,public/Velo Gallery/velo bar bilder 2/DSC07929-640w.webp
a392052fbec4da5f1afc3c4c755b7aae,2182,public/Velo Gallery/velo bar bilder 2/Team Lars-80w.webp
3ccf33c70bc13f48511c06db7b99390a,50043,public/Velo Gallery/velo bar bilder 2/53D8BEA9-DC8B-4A1C-BBF0-7776EAE2FAA7-640w.jpg
e07d9afd23a38736ec2f00ce2ef83768,2228,public/Velo Gallery/velo bar bilder 2/MINZ MARACUJA-120w.webp
04257ace9fae8e2491600850554217f4,14102,public/Velo Gallery/velo bar bilder 2/DSC00418-320w.jpg
efe21d39b188b649fbd5e1e9274f792a,24936,public/Velo Gallery/velo bar bilder 2/G8-640w.jpg
ecd16737846a13d9439f655f90ee8a5b,734052,public/Velo Gallery/velo bar bilder 2/A7401318.jpg
daa4306a2dd623af69acdc2a02eda7d8,14368,public/Velo Gallery/velo bar bilder 2/weihnachstfeier-320w.webp
0fed29602c3237b5bf785815341d0e21,3136,public/Velo Gallery/velo bar bilder 2/TeamEvent und Workshops-80w.webp
4e6946631d0f7250d00a90d1b05e3935,10210,public/Velo Gallery/velo bar bilder 2/why us -320w.webp
c9e8368eb5a2e07e2f28f6dd2f04b53c,28538,public/Velo Gallery/velo bar bilder 2/3767168a-4c5c-4d36-bf20-8e390b86336c-640w.webp
bb0b47723cfcfea389977eb4db274020,13924,public/Velo Gallery/velo bar bilder 2/a30d6ea6-fa0a-4492-b744-7d3e13e444e6-320w.webp
b7950009713aa10126c7f0c4745baaca,1580,public/Velo Gallery/velo bar bilder 2/6353f60f-e06b-4a82-9faf-afec2a55a9fd-80w.webp
dd7e67b59011a365a0eb7e2620ca38a8,21246,public/Velo Gallery/velo bar bilder 2/IMG_5834-320w.webp
f0ac2dd8ef021bd7368e34ec63b5c40e,57381923,public/Velo Gallery/velo bar bilder 2/IMG_5834.JPG
12d6abaac67fee9aae4eedbc49c0d59a,20544,public/Velo Gallery/velo bar bilder 2/DSC03519-640w.webp
7246776da3d78a3fb87a08be2a2d288c,18634,public/Velo Gallery/velo bar bilder 2/20210910-DSC04622-320w.jpg
04d7ea703c9a7626ee220d8ba496ba8d,8935,public/Velo Gallery/mobile-bar-setup-320w.jpg
3e6afde1cc825f0b3e64e7205ce71208,2632,public/Velo Gallery/private-feiern/private-feiern-120w.webp
2b36041ffacb32e6de8626cfb3f5c25a,19773,public/Velo Gallery/private-feiern/private-feiern-1920w-320w.jpg
085bb7dd94f731bcfbca457bea855c86,19992,public/Velo Gallery/private-feiern/private-feiern-1920w-320w.webp
3e6afde1cc825f0b3e64e7205ce71208,2632,public/Velo Gallery/private-feiern/private-feiern-1920w-120w.webp
d65152b5661c0573b14dbd378b44382a,1242,public/Velo Gallery/private-feiern/private-feiern-80w.webp
8e1a1e10c829b22d5f7d1a9fbcd731ed,893662,public/Velo Gallery/private-feiern/private-feiern-1920w.webp
d253f45b48f3405cd6b4b25c5a0331e2,85102,public/Velo Gallery/private-feiern/private-feiern-1920w-640w.webp
fa9dee0205a9e1379b605828f88c6f3c,465654,public/Velo Gallery/private-feiern/optimized/private-feiern-1920w.webp
d65152b5661c0573b14dbd378b44382a,1242,public/Velo Gallery/private-feiern/private-feiern-1920w-80w.webp
386ade19543145158b04cbff4e2bb27c,82496,public/Velo Gallery/private-feiern/private-feiern-1920w-640w.jpg
68658baa964eae892f6e4afafda7be56,1306,public/Velo Gallery/20220317-_W147453-80w.webp
e55c187c8d7b8cdeb4cd7754a0ec14d0,27220,public/Velo Gallery/himbeer-hibiskus-fizz-320w.jpg
c9f89ee5d9ad9e010015906aa12e5023,36801,public/Velo Gallery/minz-maracuja-640w.jpg
7645374d6b6823379af1636d8cace94f,38000,public/Velo Gallery/20220317-_W147453-1920w-640w.webp
c6210bec5c12fc90136fbeb557c02b01,16104,public/Velo Gallery/basil-smash-320w.webp
87224abb6eb47f8316847a754ffe9209,130572,public/Velo Gallery/event-3-640w.webp
e14ec0f6911299a8925fef149cf114a1,52653,public/Velo Gallery/A7401220-1920w-640w.jpg
d48f24767a12daae46985c02aadd4730,1358,public/Velo Gallery/A7401220-80w.webp
76ed0afcad688b54d36e37891ecaf84b,19064,public/Velo Gallery/himbeer-hibiskus-fizz-320w.webp
1d3509e962da40bc08cabcc7a225b823,16705,public/Velo Gallery/20220317-_W147453-1920w-320w.jpg
316c8a0de78f91e708e0bb4f1fd73be5,2902,public/Velo Gallery/mobile-bar-hero-120w.webp
64dbb7029f8e901179d77996f7beb168,10206,public/Velo Gallery/drinks-selection-320w.webp
7db2f74a6c4e452a95a39beaaf49270f,19991306,public/Velo Gallery/event-2.jpg
1fa59f04f9a0122dc87d4f84ff49d44a,11049094,public/Velo Gallery/basil-smash.jpg
3ea3042946246b4cbd6537c5e2347973,26952,public/Velo Gallery/mango-rosmarin-640w.webp
4415fdc66d83f5639eb39516a2c0b96e,8022,public/Velo Gallery/event-2-320w.webp
e3d91ca73f97237e58935f1935f611c0,22117493,public/Velo Gallery/event-3.jpg
c6b90edad4b1cfbb4597ce3ed59cde43,958146,public/Velo Gallery/teamevent-und-workshops/teamevent-und-workshops-1920w.webp
ee72b2f3624480fb7921a87997d90b11,7136,public/Velo Gallery/teamevent-und-workshops/teamevent-und-workshops-1920w-120w.webp
95b0cd2de8bbab14077e2abd93e9d125,162900,public/Velo Gallery/teamevent-und-workshops/teamevent-und-workshops-1920w-640w.jpg
709ac09cde0b402898351ae3c0ca82e7,3156,public/Velo Gallery/teamevent-und-workshops/teamevent-und-workshops-1920w-80w.webp
a1af067f116edae23620810c8841c3d1,48326,public/Velo Gallery/teamevent-und-workshops/teamevent-und-workshops-1920w-320w.webp
ee72b2f3624480fb7921a87997d90b11,7136,public/Velo Gallery/teamevent-und-workshops/teamevent-und-workshops-120w.webp
7bb3c37dc39c0dafdfa695f77b39d386,217584,public/Velo Gallery/teamevent-und-workshops/optimized/teamevent-und-workshops-1920w.webp
cf3bf3fdcccf8c9f9fce43da80951bcd,48086,public/Velo Gallery/teamevent-und-workshops/teamevent-und-workshops-1920w-320w.jpg
7600a1f79ae03a1988c98db46a911a48,149996,public/Velo Gallery/teamevent-und-workshops/teamevent-und-workshops-1920w-640w.webp
709ac09cde0b402898351ae3c0ca82e7,3156,public/Velo Gallery/teamevent-und-workshops/teamevent-und-workshops-80w.webp
2d8e432515a4159713616372e88cc911,40168,public/Velo Gallery/event-1-640w.jpg
2ee7f40180eee7fe1f3d1cb268b13c6f,22378,public/Velo Gallery/mobile-bar-setup-640w.jpg
0373b2dae6f8c91674c69403df597e03,278178,public/Velo Gallery/20220317-_W147453-1920w.webp
ea06171bae1069b3f1c35d7e297042c7,1848,public/Velo Gallery/basil-smash-80w.webp
a56f36ebcd74f5a97a181ade33ac9cf9,24705230,public/Velo Gallery/event-1.jpg
50a90f674ee67990620f8b49d7cdb2ac,5274,public/Velo Gallery/mobile-bar-setup-320w.webp
f17752c0175037a69dc6143fda18cc3b,1550,public/Velo Gallery/mobile-bar-hero-80w.webp
f0ccfc388536b17432b54f1885bbd25e,1554,public/Velo Gallery/mango-rosmarin-80w.webp
3f48876c0705e6bfd7147d9099033af0,37852,public/Velo Gallery/drinks-selection-640w.jpg
60462b189a5484ef6648410e6275c76a,31125,public/Velo Gallery/DSC09743-640w-320w.jpg
3ce473224cfeff7b8496f384c9ad88ed,18136,public/Velo Gallery/gin-tasting-320w.jpg
d15b4cd799e6e8e049f964efb0fb0df7,12700012,public/Velo Gallery/himbeer-hibiskus-fizz.jpg
26b56b572570bea79007de244c1bafb9,15476,public/Velo Gallery/gin-tasting-320w.webp
e85726dcac7cfaa9d60f23ccbba4b056,6824,public/Velo Gallery/event-3-120w.webp
db8cf5f6555da6fe49b25b0d0aedb3ae,2472,public/Velo Gallery/20220317-_W147453-1920w-120w.webp
49a8b54d8b66c8bb71fe3828286c66b3,674854,public/Velo Gallery/hochzeit/hochzeiten-1920w.webp
287d3f9ddcb4c18400ccab47cbeb01a2,72719,public/Velo Gallery/hochzeit/hochzeiten-1920w-640w.jpg
c8bed591916922d8153fe714b922c94b,1420,public/Velo Gallery/hochzeit/hochzeiten-1920w-80w.webp
2163c80ee4f61bfe85ff81e9c956fb6d,66120,public/Velo Gallery/hochzeit/hochzeiten-1920w-640w.webp
c8bed591916922d8153fe714b922c94b,1420,public/Velo Gallery/hochzeit/hochzeiten-80w.webp
57a165395b348853c5cabe78d60d72f9,2780,public/Velo Gallery/hochzeit/hochzeiten-1920w-120w.webp
501dd6409fa6694f5e57db3b32cd03cd,339424,public/Velo Gallery/hochzeit/optimized/hochzeiten-1920w.webp
691ac0cf848f579030e848ed7fb05b98,17658,public/Velo Gallery/hochzeit/hochzeiten-1920w-320w.webp
57a165395b348853c5cabe78d60d72f9,2780,public/Velo Gallery/hochzeit/hochzeiten-120w.webp
6f8a634690984fee01e5d713ad8c5c25,19271,public/Velo Gallery/hochzeit/hochzeiten-1920w-320w.jpg
219932488408c2f5c8a43f554ea1a2bc,162660,public/Velo Gallery/optimized/gin-tasting.webp
2535b8c18d64a8a739e7bea6d28f0fca,59648,public/Velo Gallery/optimized/basil-smash.webp
2dbd2b0cc28bca6244b36bc1b567e5b2,90010,public/Velo Gallery/optimized/drinks-selection.webp
3e497d8958c93ee1a5e8660292e3ac14,173976,public/Velo Gallery/optimized/A7401220-1920w.webp
8bf1fd7ebd8720134eb939930ccd9f03,110872,public/Velo Gallery/optimized/event-1.webp
2dbd2b0cc28bca6244b36bc1b567e5b2,90010,public/Velo Gallery/optimized/bar-icon.webp
8bf1fd7ebd8720134eb939930ccd9f03,110872,public/Velo Gallery/optimized/partner2.webp
2dbd2b0cc28bca6244b36bc1b567e5b2,90010,public/Velo Gallery/optimized/partner3.webp
264eda18ad65c803c1e6dc02f5c2c4ca,71882,public/Velo Gallery/optimized/himbeer-hibiskus-fizz.webp
62d8f4d30f0032a0196cd0f85d1bf52c,45150,public/Velo Gallery/optimized/mobile-bar-setup.webp
eff7cae221f672e2d3a234bc5d08dbb0,25536,public/Velo Gallery/optimized/minz-maracuja.webp
3e497d8958c93ee1a5e8660292e3ac14,173976,public/Velo Gallery/optimized/partner1.webp
60a3cd321dbc53b6a785747c1b73460c,393888,public/Velo Gallery/optimized/wedding-bar.webp
6e59092e47aa682efb4e97ee3099d4e4,40892,public/Velo Gallery/optimized/mango-rosmarin.webp
db0e611390a7d736192c262d8406952f,97124,public/Velo Gallery/optimized/event-2.webp
597958f43ed6935b91a6b78924265803,44580,public/Velo Gallery/optimized/mobile-bar-hero.webp
ec24e40eb5c333a646ed405ba6959276,196020,public/Velo Gallery/optimized/event-3.webp
93c4865c0838c218795316b3cb4210c5,1464,public/Velo Gallery/wedding-bar-80w.webp
20289dfb7100fdb88ea38511f525cdf1,861283,public/Velo Gallery/A7401220-1920w.jpg
d198c256a7be1159990dd29d738290f9,14352,public/Velo Gallery/minz-maracuja-320w.jpg
e53f4654b73c8ab666aabe968607cc72,78511,public/Velo Gallery/himbeer-hibiskus-fizz-640w.jpg
e540640abdbe7613caac94aeb86babf3,17374,public/Velo Gallery/A7401220-1920w-320w.jpg
a7a3ab4e6965bcc494c13b59ce23eb27,2218,public/Velo Gallery/himbeer-hibiskus-fizz-80w.webp
16f05fd3cbe5c57c49688e83b2623daa,2978,public/Velo Gallery/gin-tasting-120w.webp
5043b107e399a2527311b567eeeec3a7,40732,public/Velo Gallery/basil-smash-640w.webp
187008044264657c1e07782aecce4040,12942,public/Velo Gallery/20220317-_W147453-1920w-320w.webp
d9b812fd290e0188654bcc4063ca888e,42466,public/Velo Gallery/event-3-320w.webp
0a0134668f99d87fa829290c9b6159a6,5088,public/Velo Gallery/DSC09743-120w.webp
a5caaeeaa38c8251029293e18afaa9fd,73740,public/Velo Gallery/wedding-bar-640w.jpg
979bb8bcb81dd8c3598d9a75f46993fa,18464162,public/Velo Gallery/gin-tasting.jpg
f79d6b84fbda0e1b84d284fd2c53ed6d,48040,public/Velo Gallery/himbeer-hibiskus-fizz-640w.webp
17e73016ba184afd829b459314ab94a1,2514,public/Velo Gallery/drinks-selection-120w.webp
54845975b72004c60f27df01f2ea9ed1,1402,public/Velo Gallery/drinks-selection-80w.webp
503e716ed69e43d1b50abd5ef62f2efa,66122,public/Velo Gallery/wedding-bar-640w.webp
67eb81d09fe99cb4e7d6de42a7224d68,54139,public/Velo Gallery/mobile-bar-hero-640w.jpg
1b2f805e3e039dfccab0aff321293f6a,24858,public/Velo Gallery/event-1-640w.webp
82e8dd37424dea85bf967a0030041b45,51582,public/Velo Gallery/mango-rosmarin-640w.jpg
9bcb32adf03f7296da652ee0f876d50c,12064,public/Velo Gallery/mobile-bar-hero-320w.webp
2a95234ab87d7785d8f2281a7fead17c,12570875,public/Velo Gallery/mobile-bar-hero.jpg
66e989784c928011c5749ab4c73a550e,11852,public/Velo Gallery/event-2-320w.jpg
447fd59a21ac064cf99e07d14fe04ebb,45834,public/Velo Gallery/event-3-320w.jpg
ef859d362b3d272110aeed593daf8439,1926,public/Velo Gallery/event-2-120w.webp
db8cf5f6555da6fe49b25b0d0aedb3ae,2472,public/Velo Gallery/20220317-_W147453-120w.webp
ada8678274447c3d52e1c01d1f84bb6a,65892,public/Velo Gallery/basil-smash-640w.jpg
26b3d4b58ebe4fcf2e8965c721893edc,57428,public/Velo Gallery/DSC09743-640w-640w.webp
1a17348418758fbebca778e0c559ecdc,1570,public/Velo Gallery/mobile-bar-setup-120w.webp
19949d257720822d7c046170aead490c,1016,public/Velo Gallery/mobile-bar-setup-80w.webp
18b980e56ab266adc32bfb948e65c318,37702,public/Velo Gallery/A7401220-1920w-640w.webp
12a862d7f9bb305fa2892856367ec493,1366,public/Velo Gallery/event-1-80w.webp
0e36379a1d4278104784a3ec9e439941,17380,public/Velo Gallery/minz-maracuja-640w.webp
68658baa964eae892f6e4afafda7be56,1306,public/Velo Gallery/firemnfeier/firmenfeier-1920w-80w.webp
0373b2dae6f8c91674c69403df597e03,278178,public/Velo Gallery/firemnfeier/firmenfeier-1920w.webp
7645374d6b6823379af1636d8cace94f,38000,public/Velo Gallery/firemnfeier/firmenfeier-1920w-640w.webp
d9046ed7f9d2ff668229b0d6a44f0686,52262,public/Velo Gallery/firemnfeier/firmenfeier-1920w-640w.jpg
db8cf5f6555da6fe49b25b0d0aedb3ae,2472,public/Velo Gallery/firemnfeier/firmenfeier-1920w-120w.webp
68658baa964eae892f6e4afafda7be56,1306,public/Velo Gallery/firemnfeier/firmenfeier-80w.webp
1d3509e962da40bc08cabcc7a225b823,16705,public/Velo Gallery/firemnfeier/firmenfeier-1920w-320w.jpg
187008044264657c1e07782aecce4040,12942,public/Velo Gallery/firemnfeier/firmenfeier-1920w-320w.webp
db8cf5f6555da6fe49b25b0d0aedb3ae,2472,public/Velo Gallery/firemnfeier/firmenfeier-120w.webp
c5c8fe25488273257f34fb9537219d6d,337918,public/Velo Gallery/messen/messen-1920w.webp
f7879b471d2d31422a31a47cb6380e7b,62426,public/Velo Gallery/messen/messen-1920w-640w.webp
6edbe18a4b958fb6ae5b1f10d6aa6b46,2882,public/Velo Gallery/messen/messen-80w.webp
2c1402c817c116dde51f471f4b295910,34036,public/Velo Gallery/messen/messen-1920w-320w.jpg
fe7b9df614ad2c5a6033ef59ea2c93c4,25916,public/Velo Gallery/messen/messen-1920w-320w.webp
da627d5a228f01995a39934ca571f19e,5510,public/Velo Gallery/messen/messen-120w.webp
b7cceab3eb8ca5e3a1dd7c0301ee782f,96751,public/Velo Gallery/messen/messen-1920w-640w.jpg
6edbe18a4b958fb6ae5b1f10d6aa6b46,2882,public/Velo Gallery/messen/messen-1920w-80w.webp
da627d5a228f01995a39934ca571f19e,5510,public/Velo Gallery/messen/messen-1920w-120w.webp
9b748f8346a1f733fb371f9a96e7f2b3,119486,public/velo.svg
90fc0f744da05b6b4866bdf26dd2176d,19396,public/custom-hero.jpg
31763b4d892bf4f4fe93d2c9b4c1304a,490,public/icons/barkeeper.svg
576031252ec8395fde1cf80a256fc2b6,704,public/icons/certificate.svg
f5963f43caaf693190cf3c2aeac9f07b,481,public/icons/time.svg
d5ddbd35279b1f38a3bb2d92ed5edccc,508,public/icons/crown.svg
4c8d0cb2fd343d85663335d2ccde87d7,681,public/icons/bar.svg
179c64bde09e4dda63a9401f55190b71,555,public/icons/insurance.svg
00b08af72e7f1ea9bf7f33a461bc11ba,413,public/icons/deco.svg
3fb455773fb566049c77c7a2834f133d,725,public/icons/guests.svg
c54e8553af9e2d8f9ff423a1ad1e5476,589,public/icons/cocktails.svg
87cb8b6f581597785a82dd17e99abbbd,512,public/icons/eco.svg
d804d91bbb46d63429d8def655a479b7,265,public/Diamond.svg
d4b20da12e93a0faf67605e0b65c1116,518,public/assets/images/hero/business-hero.webp
d4b20da12e93a0faf67605e0b65c1116,518,public/assets/images/photos/bar-team-interaction.webp
90fc0f744da05b6b4866bdf26dd2176d,19396,public/assets/_originals/custom-background.jpg
d8fdd2106b31d441a229f72bbb0a1651,18410,public/assets/custom-background.webp
90fc0f744da05b6b4866bdf26dd2176d,19396,public/assets/custom-background.jpg
d8fdd2106b31d441a229f72bbb0a1651,18410,public/assets/custom-background-320w.webp
