public/hero.jpg,19396,2026-01-04T15:29:31+0100
public/images/clients/client-08.svg,81429,2025-12-21T15:37:45+0100
public/images/clients/client-09.svg,51264,2025-12-21T15:37:45+0100
public/images/clients/client-07.svg,103235,2025-12-21T15:37:45+0100
public/images/clients/client-12.svg,35402,2025-12-21T15:37:45+0100
public/images/clients/client-06.svg,72746,2025-12-21T15:37:45+0100
public/images/clients/client-10.svg,30166,2025-12-21T15:37:45+0100
public/images/clients/client-04.svg,139349,2025-12-21T15:37:45+0100
public/images/clients/client-05.svg,62231,2025-12-21T15:37:45+0100
public/images/clients/client-11.svg,24275,2025-12-21T15:37:45+0100
public/images/clients/client-01.svg,35402,2025-12-21T15:37:44+0100
public/images/clients/client-02.svg,72455,2025-12-21T15:37:44+0100
public/images/clients/client-03.svg,131960,2025-12-21T15:37:44+0100
public/images/partners/bounce-logo.svg,432,2026-01-01T22:53:29+0100
public/images/partners/iamrobot-logo.svg,619,2026-01-01T22:53:36+0100
public/images/partners/nannybag-logo.svg,536,2026-01-01T22:53:39+0100
public/images/partners/tum-logo.svg,670,2026-01-01T22:53:33+0100
public/images/placeholder.svg,518,2026-01-01T22:53:26+0100
public/Velo Gallery/gin-tasting-640w.webp,39020,2026-01-04T14:47:36+0100
public/Velo Gallery/gallery-carousel/our story -80w.webp,1098,2026-01-04T15:00:57+0100
public/Velo Gallery/gallery-carousel/DSC07929-640w.jpg,53227,2026-01-04T14:47:13+0100
public/Velo Gallery/gallery-carousel/Galerie-320w.webp,10486,2026-01-04T14:47:02+0100
public/Velo Gallery/gallery-carousel/DSC08563.jpg,2222988,2026-01-03T17:02:18+0100
public/Velo Gallery/gallery-carousel/A7401220-640w.jpg,52651,2026-01-04T14:47:27+0100
public/Velo Gallery/gallery-carousel/TeamEvent und Workshops.jpg,27803242,2026-01-03T17:02:24+0100
public/Velo Gallery/gallery-carousel/20230326-DSC05298-640w.jpg,48488,2026-01-04T14:47:29+0100
public/Velo Gallery/gallery-carousel/our story .JPG,19991306,2026-01-03T17:02:15+0100
public/Velo Gallery/gallery-carousel/A7401419-120w.webp,4862,2026-01-04T15:00:53+0100
public/Velo Gallery/gallery-carousel/Team-640w.jpg,40444,2026-01-04T14:46:50+0100
public/Velo Gallery/gallery-carousel/Team.JPG,27511305,2026-01-03T17:02:24+0100
public/Velo Gallery/gallery-carousel/Basil smash-320w.webp,16104,2026-01-04T14:47:26+0100
public/Velo Gallery/gallery-carousel/CD2A9D8A-EC59-4ACB-87BE-F348982277BD-120w.webp,4782,2026-01-04T15:00:53+0100
public/Velo Gallery/gallery-carousel/DSC00391-640w.jpg,74341,2026-01-04T14:47:19+0100
public/Velo Gallery/gallery-carousel/IMG_5863-640w.webp,50246,2026-01-04T14:46:57+0100
public/Velo Gallery/gallery-carousel/DSC07828-640w.webp,28686,2026-01-04T14:47:16+0100
public/Velo Gallery/gallery-carousel/G4-640w.webp,66434,2026-01-04T14:47:06+0100
public/Velo Gallery/gallery-carousel/DSC08372-640w.webp,37702,2026-01-04T14:47:13+0100
public/Velo Gallery/gallery-carousel/SPRITYVARIATIONE-120w.webp,2514,2026-01-04T15:00:21+0100
public/Velo Gallery/gallery-carousel/DSC00346-80w.webp,2314,2026-01-04T15:00:47+0100
public/Velo Gallery/gallery-carousel/DSC00260.jpg,13565944,2026-01-03T17:02:16+0100
public/Velo Gallery/gallery-carousel/DSC00185-320w.jpg,21903,2026-01-04T14:47:23+0100
public/Velo Gallery/gallery-carousel/20210910-DSC04622-640w.webp,44566,2026-01-04T14:47:29+0100
public/Velo Gallery/gallery-carousel/sebi.JPG,4151728,2026-01-03T17:02:18+0100
public/Velo Gallery/gallery-carousel/Schenker-E-LKW-23-120w.webp,2466,2026-01-04T15:00:20+0100
public/Velo Gallery/gallery-carousel/DSC00418-120w.webp,2238,2026-01-04T15:00:45+0100
public/Velo Gallery/gallery-carousel/G7-120w.webp,2010,2026-01-04T15:00:30+0100
public/Velo Gallery/gallery-carousel/032B467F-3EC9-4C01-9B4D-C11C02CD8ED6-640w.jpg,62503,2026-01-04T14:47:32+0100
public/Velo Gallery/gallery-carousel/DSC00260-640w.webp,36886,2026-01-04T14:47:21+0100
public/Velo Gallery/gallery-carousel/MINZ MARACUJA-320w.jpg,14352,2026-01-04T14:46:54+0100
public/Velo Gallery/gallery-carousel/3767168a-4c5c-4d36-bf20-8e390b86336c-640w.jpg,42952,2026-01-04T14:47:28+0100
public/Velo Gallery/gallery-carousel/DSC00391-320w.webp,19606,2026-01-04T14:47:18+0100
public/Velo Gallery/gallery-carousel/weihnachstfeier-80w.webp,1400,2026-01-04T15:00:18+0100
public/Velo Gallery/gallery-carousel/DSC08563-320w.webp,13084,2026-01-04T14:47:12+0100
public/Velo Gallery/gallery-carousel/DSC07850-80w.webp,1272,2026-01-04T15:00:39+0100
public/Velo Gallery/gallery-carousel/A7401220-120w.webp,2738,2026-01-04T15:00:53+0100
public/Velo Gallery/gallery-carousel/IMG_7543-640w.jpg,31189,2026-01-04T14:46:56+0100
public/Velo Gallery/gallery-carousel/DSC00346-120w.webp,4062,2026-01-04T15:00:47+0100
public/Velo Gallery/gallery-carousel/Kontakt Sebi-320w.jpg,27495,2026-01-04T14:46:56+0100
public/Velo Gallery/gallery-carousel/DSC08372-320w.jpg,17348,2026-01-04T14:47:13+0100
public/Velo Gallery/gallery-carousel/DSC08372.jpg,2793861,2026-01-03T17:02:18+0100
public/Velo Gallery/gallery-carousel/a30d6ea6-fa0a-4492-b744-7d3e13e444e6.JPG,410328,2026-01-03T17:02:24+0100
public/Velo Gallery/gallery-carousel/Himbeer Hibiskus FIZZ-640w.jpg,78511,2026-01-04T14:47:01+0100
public/Velo Gallery/gallery-carousel/why us -320w.jpg,14620,2026-01-04T14:47:09+0100
public/Velo Gallery/gallery-carousel/DSC07929.jpg,18464162,2026-01-03T17:02:17+0100
public/Velo Gallery/gallery-carousel/A7401318-320w.jpg,22941,2026-01-04T14:47:26+0100
public/Velo Gallery/gallery-carousel/DSC00337-640w.jpg,55208,2026-01-04T14:47:20+0100
public/Velo Gallery/gallery-carousel/DSC07875.jpg,11965161,2026-01-03T17:02:17+0100
public/Velo Gallery/gallery-carousel/Firmenfeier-320w.jpg,17073,2026-01-04T14:47:10+0100
public/Velo Gallery/gallery-carousel/IMG_5834-320w.jpg,30963,2026-01-04T14:46:59+0100
public/Velo Gallery/gallery-carousel/20210814-DSC06342-320w.jpg,17779,2026-01-04T14:47:31+0100
public/Velo Gallery/gallery-carousel/DSC09679-640w.webp,55744,2026-01-04T14:47:11+0100
public/Velo Gallery/gallery-carousel/IMG_3839-320w.jpg,34795,2026-01-04T14:47:00+0100
public/Velo Gallery/gallery-carousel/Hochzeiten-320w.jpg,19396,2026-01-04T14:47:01+0100
public/Velo Gallery/gallery-carousel/Firmenfeier-640w.webp,37896,2026-01-04T14:47:10+0100
public/Velo Gallery/gallery-carousel/DSC07875-640w.webp,11832,2026-01-04T14:47:14+0100
public/Velo Gallery/gallery-carousel/DSC03519-320w.jpg,15560,2026-01-04T14:47:17+0100
public/Velo Gallery/gallery-carousel/IMG_7543.JPG,10716830,2026-01-03T17:02:22+0100
public/Velo Gallery/gallery-carousel/DSC08563-80w.webp,1650,2026-01-04T15:00:36+0100
public/Velo Gallery/gallery-carousel/DSC00254-640w.jpg,61041,2026-01-04T14:47:22+0100
public/Velo Gallery/gallery-carousel/9127B453-BD48-4C38-AE31-8963BB99F72D-320w.webp,16760,2026-01-04T14:47:27+0100
public/Velo Gallery/gallery-carousel/032B467F-3EC9-4C01-9B4D-C11C02CD8ED6-320w.webp,15506,2026-01-04T14:47:32+0100
public/Velo Gallery/gallery-carousel/2120d94a-01b1-4d15-8904-81955542d988-640w.jpg,58159,2026-01-04T14:47:28+0100
public/Velo Gallery/gallery-carousel/9524cdce-648f-47e1-aac2-dda4fa56b5ec-120w.webp,3954,2026-01-04T15:00:54+0100
public/Velo Gallery/gallery-carousel/53D8BEA9-DC8B-4A1C-BBF0-7776EAE2FAA7-120w.webp,2158,2026-01-04T15:00:54+0100
public/Velo Gallery/gallery-carousel/sebi-640w.webp,29224,2026-01-04T14:47:12+0100
public/Velo Gallery/gallery-carousel/Galerie.jpg,13924321,2026-01-03T17:02:20+0100
public/Velo Gallery/gallery-carousel/DSC09679-80w.webp,1472,2026-01-04T15:00:36+0100
public/Velo Gallery/gallery-carousel/Kontakt Sebi.JPG,386747,2026-01-03T17:02:22+0100
public/Velo Gallery/gallery-carousel/MANGO ROSMARIN-80w.webp,1554,2026-01-04T15:00:23+0100
public/Velo Gallery/gallery-carousel/20230326-DSC05298-640w.webp,26158,2026-01-04T14:47:28+0100
public/Velo Gallery/gallery-carousel/5635c176-c3f9-4c04-880a-a5824c44b6e7-640w.webp,107072,2026-01-04T14:47:27+0100
public/Velo Gallery/gallery-carousel/DSC00337-120w.webp,3070,2026-01-04T15:00:48+0100
public/Velo Gallery/gallery-carousel/Team Lars-120w.webp,4160,2026-01-04T15:00:19+0100
public/Velo Gallery/gallery-carousel/Himbeer Hibiskus FIZZ-320w.webp,19064,2026-01-04T14:47:01+0100
public/Velo Gallery/gallery-carousel/DSC00418-640w.jpg,40257,2026-01-04T14:47:18+0100
public/Velo Gallery/gallery-carousel/53D8BEA9-DC8B-4A1C-BBF0-7776EAE2FAA7-320w.jpg,15987,2026-01-04T14:47:27+0100
public/Velo Gallery/gallery-carousel/G2-640w.webp,20884,2026-01-04T14:47:08+0100
public/Velo Gallery/gallery-carousel/G8-320w.jpg,9057,2026-01-04T14:47:03+0100
public/Velo Gallery/gallery-carousel/5635c176-c3f9-4c04-880a-a5824c44b6e7-80w.webp,2268,2026-01-04T15:00:54+0100
public/Velo Gallery/gallery-carousel/5635c176-c3f9-4c04-880a-a5824c44b6e7.JPG,254154,2026-01-03T17:02:15+0100
public/Velo Gallery/gallery-carousel/20210814-DSC06359.JPG,15947204,2026-01-03T17:02:14+0100
public/Velo Gallery/gallery-carousel/20210910-DSC04622-640w.jpg,57465,2026-01-04T14:47:29+0100
public/Velo Gallery/gallery-carousel/c8a071b1-b05a-4f91-8c11-cf1bd7348172-640w.webp,82842,2026-01-04T14:46:47+0100
public/Velo Gallery/gallery-carousel/DSC07850-320w.webp,6744,2026-01-04T14:47:14+0100
public/Velo Gallery/gallery-carousel/IMG_1440-80w.webp,2166,2026-01-04T15:00:29+0100
public/Velo Gallery/gallery-carousel/20210910-DSC04622.JPG,14086500,2026-01-03T17:02:15+0100
public/Velo Gallery/gallery-carousel/Schenker-E-LKW-23.jpg,17337780,2026-01-03T17:02:23+0100
public/Velo Gallery/gallery-carousel/1d4a0f80-a847-4418-a8e0-004c4582a2a0-640w.jpg,67253,2026-01-04T14:47:32+0100
public/Velo Gallery/gallery-carousel/DSC00143-120w.webp,6474,2026-01-04T15:00:53+0100
public/Velo Gallery/gallery-carousel/Hochzeiten-640w.webp,66122,2026-01-04T14:47:01+0100
public/Velo Gallery/gallery-carousel/Gallerie-320w.webp,8882,2026-01-04T14:47:02+0100
public/Velo Gallery/gallery-carousel/Messen-640w.jpg,97664,2026-01-04T14:46:54+0100
public/Velo Gallery/gallery-carousel/Messen.jpg,25853641,2026-01-03T17:02:23+0100
public/Velo Gallery/gallery-carousel/9127B453-BD48-4C38-AE31-8963BB99F72D-80w.webp,1278,2026-01-04T15:00:54+0100
public/Velo Gallery/gallery-carousel/SPRITYVARIATIONE-320w.jpg,14251,2026-01-04T14:46:52+0100
public/Velo Gallery/gallery-carousel/Schenker-E-LKW-70-640w.webp,45592,2026-01-04T14:46:51+0100
public/Velo Gallery/gallery-carousel/20210814-DSC06342-120w.webp,2618,2026-01-04T15:00:59+0100
public/Velo Gallery/gallery-carousel/2120d94a-01b1-4d15-8904-81955542d988-640w.webp,35872,2026-01-04T14:47:28+0100
public/Velo Gallery/gallery-carousel/DSC03519.jpeg,18716964,2026-01-03T17:02:17+0100
public/Velo Gallery/gallery-carousel/DSC07847-80w.webp,572,2026-01-04T15:00:39+0100
public/Velo Gallery/gallery-carousel/IMG_7543-640w.webp,18658,2026-01-04T14:46:56+0100
public/Velo Gallery/gallery-carousel/IMG_5863-80w.webp,2932,2026-01-04T15:00:25+0100
public/Velo Gallery/gallery-carousel/DSC07875-640w.jpg,22378,2026-01-04T14:47:14+0100
public/Velo Gallery/gallery-carousel/IMG_6918-640w.webp,19856,2026-01-04T14:46:57+0100
public/Velo Gallery/gallery-carousel/G7-640w.jpg,29683,2026-01-04T14:47:04+0100
public/Velo Gallery/gallery-carousel/DSC03519-120w.webp,2286,2026-01-04T15:00:43+0100
public/Velo Gallery/gallery-carousel/sebi-320w.jpg,20745,2026-01-04T14:47:12+0100
public/Velo Gallery/gallery-carousel/Schenker-E-LKW-23-320w.jpg,16187,2026-01-04T14:46:52+0100
public/Velo Gallery/gallery-carousel/3767168a-4c5c-4d36-bf20-8e390b86336c-120w.webp,2040,2026-01-04T15:00:54+0100
public/Velo Gallery/gallery-carousel/DSC00260-640w.jpg,63638,2026-01-04T14:47:21+0100
public/Velo Gallery/gallery-carousel/IMG_6918.JPG,54386,2026-01-03T17:02:22+0100
public/Velo Gallery/gallery-carousel/IMG_6918-320w.jpg,16880,2026-01-04T14:46:56+0100
public/Velo Gallery/gallery-carousel/G3-320w.jpg,45834,2026-01-04T14:47:07+0100
public/Velo Gallery/gallery-carousel/G2-320w.jpg,11852,2026-01-04T14:47:08+0100
public/Velo Gallery/gallery-carousel/3767168a-4c5c-4d36-bf20-8e390b86336c.JPG,94324,2026-01-03T17:02:15+0100
public/Velo Gallery/gallery-carousel/DSC00174-80w.webp,3032,2026-01-04T15:00:51+0100
public/Velo Gallery/gallery-carousel/MINZ MARACUJA-640w.webp,17380,2026-01-04T14:46:54+0100
public/Velo Gallery/gallery-carousel/our story -320w.webp,8022,2026-01-04T14:47:30+0100
public/Velo Gallery/gallery-carousel/53D8BEA9-DC8B-4A1C-BBF0-7776EAE2FAA7.JPG,161473,2026-01-03T17:02:15+0100
public/Velo Gallery/gallery-carousel/DSC09679.JPG,24817060,2026-01-03T17:02:18+0100
public/Velo Gallery/gallery-carousel/IMG_1440.JPG,6970758,2026-01-03T17:02:21+0100
public/Velo Gallery/gallery-carousel/DSC07929-120w.webp,2978,2026-01-04T15:00:37+0100
public/Velo Gallery/gallery-carousel/DSC00143-320w.jpg,42951,2026-01-04T14:47:25+0100
public/Velo Gallery/gallery-carousel/a30d6ea6-fa0a-4492-b744-7d3e13e444e6-80w.webp,1462,2026-01-04T15:00:18+0100
public/Velo Gallery/gallery-carousel/53D8BEA9-DC8B-4A1C-BBF0-7776EAE2FAA7-320w.webp,11100,2026-01-04T14:47:27+0100
public/Velo Gallery/gallery-carousel/FAA20C66-CF13-464D-8309-B200753B0391-320w.jpg,19338,2026-01-04T14:47:11+0100
public/Velo Gallery/gallery-carousel/9524cdce-648f-47e1-aac2-dda4fa56b5ec-320w.webp,25376,2026-01-04T14:47:27+0100
public/Velo Gallery/gallery-carousel/G3.JPG,22117493,2026-01-03T17:02:19+0100
public/Velo Gallery/gallery-carousel/032B467F-3EC9-4C01-9B4D-C11C02CD8ED6-120w.webp,2378,2026-01-04T15:00:59+0100
public/Velo Gallery/gallery-carousel/9127B453-BD48-4C38-AE31-8963BB99F72D-120w.webp,2584,2026-01-04T15:00:54+0100
public/Velo Gallery/gallery-carousel/DSC00174-640w.jpg,81440,2026-01-04T14:47:24+0100
public/Velo Gallery/gallery-carousel/a30d6ea6-fa0a-4492-b744-7d3e13e444e6-640w.jpg,55585,2026-01-04T14:46:48+0100
public/Velo Gallery/gallery-carousel/G5-640w.webp,45766,2026-01-04T14:47:05+0100
public/Velo Gallery/gallery-carousel/DSC00254-640w.webp,33580,2026-01-04T14:47:22+0100
public/Velo Gallery/gallery-carousel/DSC00174.jpg,15690356,2026-01-03T17:02:15+0100
public/Velo Gallery/gallery-carousel/DSC07828.jpg,12570875,2026-01-03T17:02:17+0100
public/Velo Gallery/gallery-carousel/G7-80w.webp,1224,2026-01-04T15:00:30+0100
public/Velo Gallery/gallery-carousel/CD2A9D8A-EC59-4ACB-87BE-F348982277BD-320w.jpg,33346,2026-01-04T14:47:25+0100
public/Velo Gallery/gallery-carousel/DSC00260-80w.webp,2424,2026-01-04T15:00:48+0100
public/Velo Gallery/gallery-carousel/DSC07847-640w.webp,9988,2026-01-04T14:47:15+0100
public/Velo Gallery/gallery-carousel/6353f60f-e06b-4a82-9faf-afec2a55a9fd-640w.webp,43916,2026-01-04T14:47:27+0100
public/Velo Gallery/gallery-carousel/DSC07850-120w.webp,2042,2026-01-04T15:00:39+0100
public/Velo Gallery/gallery-carousel/DSC07875-80w.webp,1016,2026-01-04T15:00:38+0100
public/Velo Gallery/gallery-carousel/IMG_5863-640w.jpg,83097,2026-01-04T14:46:57+0100
public/Velo Gallery/gallery-carousel/DSC07847-640w.jpg,18140,2026-01-04T14:47:16+0100
public/Velo Gallery/gallery-carousel/20210814-DSC06359-320w.jpg,27038,2026-01-04T14:47:31+0100
public/Velo Gallery/gallery-carousel/IMG_1440-640w.jpg,88601,2026-01-04T14:47:00+0100
public/Velo Gallery/gallery-carousel/9127B453-BD48-4C38-AE31-8963BB99F72D-640w.jpg,66850,2026-01-04T14:47:27+0100
public/Velo Gallery/gallery-carousel/Himbeer Hibiskus FIZZ-120w.webp,3988,2026-01-04T15:00:29+0100
public/Velo Gallery/gallery-carousel/Team Lars-320w.webp,20946,2026-01-04T14:46:50+0100
public/Velo Gallery/gallery-carousel/DSC00337-320w.webp,12374,2026-01-04T14:47:20+0100
public/Velo Gallery/gallery-carousel/Messen-80w.webp,2922,2026-01-04T15:00:22+0100
public/Velo Gallery/gallery-carousel/G2.JPG,19991306,2026-01-03T17:02:19+0100
public/Velo Gallery/gallery-carousel/Galerie-320w.jpg,14094,2026-01-04T14:47:02+0100
public/Velo Gallery/gallery-carousel/MANGO ROSMARIN-640w.webp,26952,2026-01-04T14:46:55+0100
public/Velo Gallery/gallery-carousel/1d4a0f80-a847-4418-a8e0-004c4582a2a0-80w.webp,1228,2026-01-04T15:00:59+0100
public/Velo Gallery/gallery-carousel/20210814-DSC06342-320w.webp,10390,2026-01-04T14:47:31+0100
public/Velo Gallery/gallery-carousel/5635c176-c3f9-4c04-880a-a5824c44b6e7-640w.jpg,136744,2026-01-04T14:47:27+0100
public/Velo Gallery/gallery-carousel/Kontakt Sebi-640w.webp,45302,2026-01-04T14:46:56+0100
public/Velo Gallery/gallery-carousel/TeamEvent und Workshops-320w.jpg,49496,2026-01-04T14:46:48+0100
public/Velo Gallery/gallery-carousel/20210910-DSC04622-80w.webp,1486,2026-01-04T15:00:56+0100
public/Velo Gallery/gallery-carousel/6353f60f-e06b-4a82-9faf-afec2a55a9fd-320w.jpg,17990,2026-01-04T14:47:27+0100
public/Velo Gallery/gallery-carousel/G8-640w.webp,15316,2026-01-04T14:47:03+0100
public/Velo Gallery/gallery-carousel/FAA20C66-CF13-464D-8309-B200753B0391-640w.webp,52294,2026-01-04T14:47:11+0100
public/Velo Gallery/gallery-carousel/MANGO ROSMARIN-640w.jpg,51582,2026-01-04T14:46:55+0100
public/Velo Gallery/gallery-carousel/Team Lars.JPG,117457,2026-01-03T17:02:23+0100
public/Velo Gallery/gallery-carousel/DSC00418-80w.webp,1266,2026-01-04T15:00:45+0100
public/Velo Gallery/gallery-carousel/Team Lars-320w.jpg,28924,2026-01-04T14:46:50+0100
public/Velo Gallery/gallery-carousel/9127B453-BD48-4C38-AE31-8963BB99F72D.JPG,3048216,2026-01-03T17:02:15+0100
public/Velo Gallery/gallery-carousel/Gallerie-120w.webp,2442,2026-01-04T15:00:29+0100
public/Velo Gallery/gallery-carousel/DSC00143-320w.webp,38864,2026-01-04T14:47:24+0100
public/Velo Gallery/gallery-carousel/2120d94a-01b1-4d15-8904-81955542d988-80w.webp,1336,2026-01-04T15:00:54+0100
public/Velo Gallery/gallery-carousel/G4-320w.jpg,32695,2026-01-04T14:47:06+0100
public/Velo Gallery/gallery-carousel/DSC00254-80w.webp,1852,2026-01-04T15:00:49+0100
public/Velo Gallery/gallery-carousel/our story -120w.webp,1926,2026-01-04T15:00:57+0100
public/Velo Gallery/gallery-carousel/G5-320w.jpg,18733,2026-01-04T14:47:05+0100
public/Velo Gallery/gallery-carousel/9524cdce-648f-47e1-aac2-dda4fa56b5ec-320w.jpg,32981,2026-01-04T14:47:27+0100
public/Velo Gallery/gallery-carousel/DSC09679-640w.jpg,66252,2026-01-04T14:47:12+0100
public/Velo Gallery/gallery-carousel/DSC07929-320w.webp,15476,2026-01-04T14:47:13+0100
public/Velo Gallery/gallery-carousel/IMG_3839.jpg,677930,2026-01-03T17:02:21+0100
public/Velo Gallery/gallery-carousel/a30d6ea6-fa0a-4492-b744-7d3e13e444e6-640w.webp,38906,2026-01-04T14:46:48+0100
public/Velo Gallery/gallery-carousel/DSC03519-320w.webp,8718,2026-01-04T14:47:17+0100
public/Velo Gallery/gallery-carousel/IMG_5834-640w.webp,50754,2026-01-04T14:46:59+0100
public/Velo Gallery/gallery-carousel/DSC08563-640w.jpg,46330,2026-01-04T14:47:12+0100
public/Velo Gallery/gallery-carousel/3767168a-4c5c-4d36-bf20-8e390b86336c-320w.webp,9762,2026-01-04T14:47:27+0100
public/Velo Gallery/gallery-carousel/why us -640w.webp,24858,2026-01-04T14:47:09+0100
public/Velo Gallery/gallery-carousel/weihnachstfeier-640w.webp,46406,2026-01-04T14:46:47+0100
public/Velo Gallery/gallery-carousel/Basil smash-120w.webp,3576,2026-01-04T15:00:53+0100
public/Velo Gallery/gallery-carousel/G5.jpg,35575831,2026-01-03T17:02:20+0100
public/Velo Gallery/gallery-carousel/A7401419-320w.webp,23754,2026-01-04T14:47:26+0100
public/Velo Gallery/gallery-carousel/2120d94a-01b1-4d15-8904-81955542d988.JPG,321273,2026-01-03T17:02:15+0100
public/Velo Gallery/gallery-carousel/Hochzeiten.JPG,765562,2026-01-03T17:02:21+0100
public/Velo Gallery/gallery-carousel/CD2A9D8A-EC59-4ACB-87BE-F348982277BD-320w.webp,30954,2026-01-04T14:47:25+0100
public/Velo Gallery/gallery-carousel/IMG_3839-640w.webp,110964,2026-01-04T14:47:00+0100
public/Velo Gallery/gallery-carousel/DSC00337-80w.webp,1748,2026-01-04T15:00:47+0100
public/Velo Gallery/gallery-carousel/A7401419-320w.jpg,31468,2026-01-04T14:47:26+0100
public/Velo Gallery/gallery-carousel/DSC00209-320w.jpg,21663,2026-01-04T14:47:22+0100
public/Velo Gallery/gallery-carousel/DSC00209-640w.webp,29400,2026-01-04T14:47:22+0100
public/Velo Gallery/gallery-carousel/1d4a0f80-a847-4418-a8e0-004c4582a2a0-640w.webp,58288,2026-01-04T14:47:32+0100
public/Velo Gallery/gallery-carousel/Galerie-120w.webp,2244,2026-01-04T15:00:30+0100
public/Velo Gallery/gallery-carousel/Himbeer Hibiskus FIZZ-80w.webp,2218,2026-01-04T15:00:29+0100
public/Velo Gallery/gallery-carousel/G3-640w.webp,130572,2026-01-04T14:47:07+0100
public/Velo Gallery/gallery-carousel/IMG_1440-640w.webp,60484,2026-01-04T14:47:00+0100
public/Velo Gallery/gallery-carousel/G7-320w.webp,7264,2026-01-04T14:47:04+0100
public/Velo Gallery/gallery-carousel/DSC08563-120w.webp,3008,2026-01-04T15:00:36+0100
public/Velo Gallery/gallery-carousel/DSC00391-120w.webp,5150,2026-01-04T15:00:46+0100
public/Velo Gallery/gallery-carousel/Team-640w.webp,25948,2026-01-04T14:46:50+0100
public/Velo Gallery/gallery-carousel/Schenker-E-LKW-70-320w.jpg,25016,2026-01-04T14:46:51+0100
public/Velo Gallery/gallery-carousel/DSC07850-640w.jpg,33636,2026-01-04T14:47:15+0100
public/Velo Gallery/gallery-carousel/20210814-DSC06359-640w.webp,45124,2026-01-04T14:47:31+0100
public/Velo Gallery/gallery-carousel/DSC00185-640w.webp,32424,2026-01-04T14:47:23+0100
public/Velo Gallery/gallery-carousel/SPRITYVARIATIONE-320w.webp,10206,2026-01-04T14:46:52+0100
public/Velo Gallery/gallery-carousel/DSC00418-320w.webp,10476,2026-01-04T14:47:18+0100
public/Velo Gallery/gallery-carousel/Schenker-E-LKW-23-320w.webp,9692,2026-01-04T14:46:52+0100
public/Velo Gallery/gallery-carousel/IMG_7543-80w.webp,1154,2026-01-04T15:00:24+0100
public/Velo Gallery/gallery-carousel/G4.JPG,21546420,2026-01-03T17:02:19+0100
public/Velo Gallery/gallery-carousel/032B467F-3EC9-4C01-9B4D-C11C02CD8ED6-80w.webp,1168,2026-01-04T15:00:59+0100
public/Velo Gallery/gallery-carousel/IMG_5863.JPG,18429288,2026-01-03T17:02:22+0100
public/Velo Gallery/gallery-carousel/weihnachstfeier-640w.jpg,60393,2026-01-04T14:46:47+0100
public/Velo Gallery/gallery-carousel/3767168a-4c5c-4d36-bf20-8e390b86336c-80w.webp,1114,2026-01-04T15:00:54+0100
public/Velo Gallery/gallery-carousel/Messen-640w.webp,62426,2026-01-04T14:46:53+0100
public/Velo Gallery/gallery-carousel/A7401220-320w.webp,13948,2026-01-04T14:47:27+0100
public/Velo Gallery/gallery-carousel/DSC00346-640w.jpg,63840,2026-01-04T14:47:19+0100
public/Velo Gallery/gallery-carousel/DSC07828-320w.jpg,19693,2026-01-04T14:47:16+0100
public/Velo Gallery/gallery-carousel/why us .jpg,24705230,2026-01-03T17:02:19+0100
public/Velo Gallery/gallery-carousel/DSC00346-320w.webp,14980,2026-01-04T14:47:19+0100
public/Velo Gallery/gallery-carousel/DSC00174-640w.webp,50542,2026-01-04T14:47:24+0100
public/Velo Gallery/gallery-carousel/A7401318-640w.webp,39880,2026-01-04T14:47:26+0100
public/Velo Gallery/gallery-carousel/Team-80w.webp,1184,2026-01-04T15:00:19+0100
public/Velo Gallery/gallery-carousel/20230326-DSC05298-80w.webp,1566,2026-01-04T15:00:55+0100
public/Velo Gallery/gallery-carousel/A7401220-80w.webp,1358,2026-01-04T15:00:53+0100
public/Velo Gallery/gallery-carousel/DSC00391-80w.webp,2896,2026-01-04T15:00:46+0100
public/Velo Gallery/gallery-carousel/Basil smash-320w.jpg,23073,2026-01-04T14:47:26+0100
public/Velo Gallery/gallery-carousel/Gallerie-320w.jpg,16121,2026-01-04T14:47:02+0100
public/Velo Gallery/gallery-carousel/DSC07929-80w.webp,1464,2026-01-04T15:00:37+0100
public/Velo Gallery/gallery-carousel/c8a071b1-b05a-4f91-8c11-cf1bd7348172-320w.jpg,30896,2026-01-04T14:46:47+0100
public/Velo Gallery/gallery-carousel/our story -640w.jpg,33840,2026-01-04T14:47:30+0100
public/Velo Gallery/gallery-carousel/TeamEvent und Workshops-640w.webp,148320,2026-01-04T14:46:49+0100
public/Velo Gallery/gallery-carousel/G7.jpg,13982501,2026-01-03T17:02:20+0100
public/Velo Gallery/gallery-carousel/DSC07847-120w.webp,916,2026-01-04T15:00:39+0100
public/Velo Gallery/gallery-carousel/DSC07875-320w.webp,5274,2026-01-04T14:47:14+0100
public/Velo Gallery/gallery-carousel/TeamEvent und Workshops-640w.jpg,163213,2026-01-04T14:46:49+0100
public/Velo Gallery/gallery-carousel/5635c176-c3f9-4c04-880a-a5824c44b6e7-320w.jpg,38256,2026-01-04T14:47:27+0100
public/Velo Gallery/gallery-carousel/Schenker-E-LKW-70.jpg,18901023,2026-01-03T17:02:23+0100
public/Velo Gallery/gallery-carousel/G8-80w.webp,844,2026-01-04T15:00:30+0100
public/Velo Gallery/gallery-carousel/DSC09679-320w.webp,18968,2026-01-04T14:47:11+0100
public/Velo Gallery/gallery-carousel/Firmenfeier-320w.webp,13344,2026-01-04T14:47:10+0100
public/Velo Gallery/gallery-carousel/6353f60f-e06b-4a82-9faf-afec2a55a9fd-640w.jpg,58975,2026-01-04T14:47:27+0100
public/Velo Gallery/gallery-carousel/A7401419.jpg,757761,2026-01-03T17:02:15+0100
public/Velo Gallery/gallery-carousel/sebi-320w.webp,12948,2026-01-04T14:47:12+0100
public/Velo Gallery/gallery-carousel/G5-120w.webp,2810,2026-01-04T15:00:31+0100
public/Velo Gallery/gallery-carousel/DSC00254-120w.webp,3310,2026-01-04T15:00:49+0100
public/Velo Gallery/gallery-carousel/MANGO ROSMARIN-320w.jpg,18164,2026-01-04T14:46:55+0100
public/Velo Gallery/gallery-carousel/032B467F-3EC9-4C01-9B4D-C11C02CD8ED6-640w.webp,60874,2026-01-04T14:47:32+0100
public/Velo Gallery/gallery-carousel/9127B453-BD48-4C38-AE31-8963BB99F72D-640w.webp,63044,2026-01-04T14:47:27+0100
public/Velo Gallery/gallery-carousel/53D8BEA9-DC8B-4A1C-BBF0-7776EAE2FAA7-80w.webp,1102,2026-01-04T15:00:54+0100
public/Velo Gallery/gallery-carousel/Team Lars-640w.jpg,86916,2026-01-04T14:46:50+0100
public/Velo Gallery/gallery-carousel/MANGO ROSMARIN-120w.webp,2788,2026-01-04T15:00:23+0100
public/Velo Gallery/gallery-carousel/5635c176-c3f9-4c04-880a-a5824c44b6e7-320w.webp,31276,2026-01-04T14:47:27+0100
public/Velo Gallery/gallery-carousel/G5-640w.jpg,59668,2026-01-04T14:47:05+0100
public/Velo Gallery/gallery-carousel/G4-640w.jpg,97882,2026-01-04T14:47:06+0100
public/Velo Gallery/gallery-carousel/Himbeer Hibiskus FIZZ-640w.webp,48040,2026-01-04T14:47:01+0100
public/Velo Gallery/gallery-carousel/DSC09679-320w.jpg,21048,2026-01-04T14:47:11+0100
public/Velo Gallery/gallery-carousel/9524cdce-648f-47e1-aac2-dda4fa56b5ec-640w.jpg,118511,2026-01-04T14:47:27+0100
public/Velo Gallery/gallery-carousel/20230326-DSC05298-320w.webp,10790,2026-01-04T14:47:28+0100
public/Velo Gallery/gallery-carousel/IMG_3839-80w.webp,2206,2026-01-04T15:00:28+0100
public/Velo Gallery/gallery-carousel/Hochzeiten-80w.webp,1464,2026-01-04T15:00:29+0100
public/Velo Gallery/gallery-carousel/DSC07850-640w.webp,15094,2026-01-04T14:47:15+0100
public/Velo Gallery/gallery-carousel/c8a071b1-b05a-4f91-8c11-cf1bd7348172-320w.webp,25752,2026-01-04T14:46:47+0100
public/Velo Gallery/gallery-carousel/6353f60f-e06b-4a82-9faf-afec2a55a9fd-120w.webp,2982,2026-01-04T15:00:54+0100
public/Velo Gallery/gallery-carousel/DSC08563-320w.jpg,16893,2026-01-04T14:47:12+0100
public/Velo Gallery/gallery-carousel/FAA20C66-CF13-464D-8309-B200753B0391.JPG,2599126,2026-01-03T17:02:18+0100
public/Velo Gallery/gallery-carousel/G2-320w.webp,8022,2026-01-04T14:47:08+0100
public/Velo Gallery/gallery-carousel/DSC03519-80w.webp,1366,2026-01-04T15:00:43+0100
public/Velo Gallery/gallery-carousel/DSC00418.jpg,13924927,2026-01-03T17:02:17+0100
public/Velo Gallery/gallery-carousel/9524cdce-648f-47e1-aac2-dda4fa56b5ec.JPG,226996,2026-01-03T17:02:15+0100
public/Velo Gallery/gallery-carousel/Gallerie-640w.webp,20458,2026-01-04T14:47:02+0100
public/Velo Gallery/gallery-carousel/Hochzeiten-320w.webp,17338,2026-01-04T14:47:00+0100
public/Velo Gallery/gallery-carousel/FAA20C66-CF13-464D-8309-B200753B0391-640w.jpg,67642,2026-01-04T14:47:11+0100
public/Velo Gallery/gallery-carousel/SPRITYVARIATIONE.jpg,1676372,2026-01-03T17:02:23+0100
public/Velo Gallery/gallery-carousel/DSC00174-320w.jpg,30399,2026-01-04T14:47:24+0100
public/Velo Gallery/gallery-carousel/FAA20C66-CF13-464D-8309-B200753B0391-120w.webp,2882,2026-01-04T15:00:35+0100
public/Velo Gallery/gallery-carousel/1d4a0f80-a847-4418-a8e0-004c4582a2a0.JPG,806199,2026-01-03T17:02:14+0100
public/Velo Gallery/gallery-carousel/a30d6ea6-fa0a-4492-b744-7d3e13e444e6-320w.jpg,17791,2026-01-04T14:46:48+0100
public/Velo Gallery/gallery-carousel/DSC00143-80w.webp,3062,2026-01-04T15:00:52+0100
public/Velo Gallery/gallery-carousel/IMG_7543-320w.webp,7396,2026-01-04T14:46:56+0100
public/Velo Gallery/gallery-carousel/G8-120w.webp,1386,2026-01-04T15:00:30+0100
public/Velo Gallery/gallery-carousel/IMG_6918-320w.webp,9266,2026-01-04T14:46:56+0100
public/Velo Gallery/gallery-carousel/A7401220.jpg,739847,2026-01-03T17:02:15+0100
public/Velo Gallery/gallery-carousel/IMG_6918-80w.webp,1694,2026-01-04T15:00:24+0100
public/Velo Gallery/gallery-carousel/CD2A9D8A-EC59-4ACB-87BE-F348982277BD-640w.jpg,108523,2026-01-04T14:47:25+0100
public/Velo Gallery/gallery-carousel/Schenker-E-LKW-70-320w.webp,16464,2026-01-04T14:46:51+0100
public/Velo Gallery/gallery-carousel/G3-80w.webp,3200,2026-01-04T15:00:32+0100
public/Velo Gallery/gallery-carousel/G2-80w.webp,1098,2026-01-04T15:00:33+0100
public/Velo Gallery/gallery-carousel/sebi-80w.webp,2136,2026-01-04T15:00:37+0100
public/Velo Gallery/gallery-carousel/2120d94a-01b1-4d15-8904-81955542d988-320w.webp,11722,2026-01-04T14:47:28+0100
public/Velo Gallery/gallery-carousel/Schenker-E-LKW-23-80w.webp,1444,2026-01-04T15:00:20+0100
public/Velo Gallery/gallery-carousel/Kontakt Sebi-120w.webp,4142,2026-01-04T15:00:24+0100
public/Velo Gallery/gallery-carousel/why us -120w.webp,2598,2026-01-04T15:00:34+0100
public/Velo Gallery/gallery-carousel/weihnachstfeier-120w.webp,2584,2026-01-04T15:00:18+0100
public/Velo Gallery/gallery-carousel/SPRITYVARIATIONE-80w.webp,1402,2026-01-04T15:00:21+0100
public/Velo Gallery/gallery-carousel/DSC00209.jpg,13280673,2026-01-03T17:02:16+0100
public/Velo Gallery/gallery-carousel/IMG_5834-120w.webp,5032,2026-01-04T15:00:28+0100
public/Velo Gallery/gallery-carousel/DSC07847-320w.jpg,6709,2026-01-04T14:47:15+0100
public/Velo Gallery/gallery-carousel/IMG_5863-320w.jpg,30976,2026-01-04T14:46:57+0100
public/Velo Gallery/gallery-carousel/a30d6ea6-fa0a-4492-b744-7d3e13e444e6-120w.webp,2848,2026-01-04T15:00:18+0100
public/Velo Gallery/gallery-carousel/20210814-DSC06359-640w.jpg,74449,2026-01-04T14:47:31+0100
public/Velo Gallery/gallery-carousel/DSC00143.jpg,22466104,2026-01-03T17:02:15+0100
public/Velo Gallery/gallery-carousel/IMG_1440-320w.jpg,27981,2026-01-04T14:47:00+0100
public/Velo Gallery/gallery-carousel/MINZ MARACUJA-320w.webp,7768,2026-01-04T14:46:54+0100
public/Velo Gallery/gallery-carousel/our story -640w.webp,20884,2026-01-04T14:47:30+0100
public/Velo Gallery/gallery-carousel/9127B453-BD48-4C38-AE31-8963BB99F72D-320w.jpg,17639,2026-01-04T14:47:27+0100
public/Velo Gallery/gallery-carousel/G8.jpg,10264299,2026-01-03T17:02:20+0100
public/Velo Gallery/gallery-carousel/Galerie-640w.jpg,40273,2026-01-04T14:47:03+0100
public/Velo Gallery/gallery-carousel/1d4a0f80-a847-4418-a8e0-004c4582a2a0-120w.webp,2502,2026-01-04T15:00:59+0100
public/Velo Gallery/gallery-carousel/Galerie-640w.webp,27074,2026-01-04T14:47:03+0100
public/Velo Gallery/gallery-carousel/DSC00209-120w.webp,3746,2026-01-04T15:00:50+0100
public/Velo Gallery/gallery-carousel/weihnachstfeier.JPG,139127,2026-01-03T17:02:24+0100
public/Velo Gallery/gallery-carousel/weihnachstfeier-320w.jpg,17801,2026-01-04T14:46:47+0100
public/Velo Gallery/gallery-carousel/IMG_3839-120w.webp,4668,2026-01-04T15:00:28+0100
public/Velo Gallery/gallery-carousel/MINZ MARACUJA-80w.webp,1384,2026-01-04T15:00:22+0100
public/Velo Gallery/gallery-carousel/DSC07828-320w.webp,12064,2026-01-04T14:47:16+0100
public/Velo Gallery/gallery-carousel/G4-320w.webp,24676,2026-01-04T14:47:06+0100
public/Velo Gallery/gallery-carousel/DSC00185-80w.webp,2086,2026-01-04T15:00:51+0100
public/Velo Gallery/gallery-carousel/IMG_5863-320w.webp,22104,2026-01-04T14:46:57+0100
public/Velo Gallery/gallery-carousel/DSC08372-320w.webp,13578,2026-01-04T14:47:13+0100
public/Velo Gallery/gallery-carousel/DSC00346-320w.jpg,23883,2026-01-04T14:47:19+0100
public/Velo Gallery/gallery-carousel/DSC07828-640w.jpg,54139,2026-01-04T14:47:16+0100
public/Velo Gallery/gallery-carousel/Basil smash-640w.webp,40732,2026-01-04T14:47:26+0100
public/Velo Gallery/gallery-carousel/20210910-DSC04622-320w.webp,15618,2026-01-04T14:47:29+0100
public/Velo Gallery/gallery-carousel/MINZ MARACUJA.jpg,11517941,2026-01-03T17:02:23+0100
public/Velo Gallery/gallery-carousel/20210814-DSC06359-120w.webp,4776,2026-01-04T15:00:58+0100
public/Velo Gallery/gallery-carousel/DSC00185-120w.webp,3498,2026-01-04T15:00:51+0100
public/Velo Gallery/gallery-carousel/Gallerie-640w.jpg,42767,2026-01-04T14:47:02+0100
public/Velo Gallery/gallery-carousel/DSC00391-640w.webp,44990,2026-01-04T14:47:18+0100
public/Velo Gallery/gallery-carousel/Team-120w.webp,2174,2026-01-04T15:00:19+0100
public/Velo Gallery/gallery-carousel/Basil smash-640w.jpg,65892,2026-01-04T14:47:26+0100
public/Velo Gallery/gallery-carousel/DSC00185.jpg,12919091,2026-01-03T17:02:16+0100
public/Velo Gallery/gallery-carousel/CD2A9D8A-EC59-4ACB-87BE-F348982277BD.JPG,242404,2026-01-03T17:02:15+0100
public/Velo Gallery/gallery-carousel/DSC08563-640w.webp,31636,2026-01-04T14:47:12+0100
public/Velo Gallery/gallery-carousel/our story -320w.jpg,11852,2026-01-04T14:47:30+0100
public/Velo Gallery/gallery-carousel/c8a071b1-b05a-4f91-8c11-cf1bd7348172-640w.jpg,103446,2026-01-04T14:46:48+0100
public/Velo Gallery/gallery-carousel/IMG_1440-120w.webp,4148,2026-01-04T15:00:29+0100
public/Velo Gallery/gallery-carousel/DSC00260-320w.webp,15792,2026-01-04T14:47:21+0100
public/Velo Gallery/gallery-carousel/G3-120w.webp,6824,2026-01-04T15:00:32+0100
public/Velo Gallery/gallery-carousel/DSC00346.jpg,14017059,2026-01-03T17:02:17+0100
public/Velo Gallery/gallery-carousel/Firmenfeier-80w.webp,1350,2026-01-04T15:00:35+0100
public/Velo Gallery/gallery-carousel/DSC00174-120w.webp,5476,2026-01-04T15:00:51+0100
public/Velo Gallery/gallery-carousel/A7401318-120w.webp,3616,2026-01-04T15:00:53+0100
public/Velo Gallery/gallery-carousel/DSC00391.jpg,15163711,2026-01-03T17:02:17+0100
public/Velo Gallery/gallery-carousel/optimized/Team.webp,116648,2026-01-05T13:01:56+0100
public/Velo Gallery/gallery-carousel/optimized/A7401318.webp,66594,2026-01-05T13:02:17+0100
public/Velo Gallery/gallery-carousel/optimized/IMG_5863.webp,74546,2026-01-05T13:02:04+0100
public/Velo Gallery/gallery-carousel/optimized/IMG_5834.webp,85820,2026-01-05T13:01:55+0100
public/Velo Gallery/gallery-carousel/optimized/why us .webp,110872,2026-01-05T13:01:58+0100
public/Velo Gallery/gallery-carousel/optimized/DSC00254.webp,53232,2026-01-05T13:02:06+0100
public/Velo Gallery/gallery-carousel/optimized/SPRITYVARIATIONE.webp,90010,2026-01-05T13:02:15+0100
public/Velo Gallery/gallery-carousel/optimized/DSC00346.webp,55094,2026-01-05T13:02:06+0100
public/Velo Gallery/gallery-carousel/optimized/DSC07929.webp,162660,2026-01-05T13:02:03+0100
public/Velo Gallery/gallery-carousel/optimized/DSC00185.webp,48594,2026-01-05T13:02:08+0100
public/Velo Gallery/gallery-carousel/optimized/IMG_1440.webp,93988,2026-01-05T13:02:13+0100
public/Velo Gallery/gallery-carousel/optimized/1d4a0f80-a847-4418-a8e0-004c4582a2a0.webp,382380,2026-01-05T13:02:16+0100
public/Velo Gallery/gallery-carousel/optimized/20230326-DSC05298.webp,40100,2026-01-05T13:02:00+0100
public/Velo Gallery/gallery-carousel/optimized/Basil smash.webp,59648,2026-01-05T13:02:12+0100
public/Velo Gallery/gallery-carousel/optimized/032B467F-3EC9-4C01-9B4D-C11C02CD8ED6.webp,581082,2026-01-05T13:02:13+0100
public/Velo Gallery/gallery-carousel/optimized/20210814-DSC06342.webp,37340,2026-01-05T13:02:10+0100
public/Velo Gallery/gallery-carousel/optimized/DSC07850.webp,22354,2026-01-05T13:02:12+0100
public/Velo Gallery/gallery-carousel/optimized/sebi.webp,44166,2026-01-05T13:02:13+0100
public/Velo Gallery/gallery-carousel/optimized/DSC00209.webp,43380,2026-01-05T13:02:08+0100
public/Velo Gallery/gallery-carousel/optimized/Gallerie.webp,30542,2026-01-05T13:02:06+0100
public/Velo Gallery/gallery-carousel/optimized/A7401220.webp,172922,2026-01-05T13:02:16+0100
public/Velo Gallery/gallery-carousel/optimized/DSC09679.webp,262462,2026-01-05T13:01:56+0100
public/Velo Gallery/gallery-carousel/optimized/G7.webp,66070,2026-01-05T13:02:07+0100
public/Velo Gallery/gallery-carousel/optimized/DSC00337.webp,44320,2026-01-05T13:02:09+0100
public/Velo Gallery/gallery-carousel/optimized/DSC00418.webp,112942,2026-01-05T13:02:07+0100
public/Velo Gallery/gallery-carousel/optimized/20210814-DSC06359.webp,68472,2026-01-05T13:02:05+0100
public/Velo Gallery/gallery-carousel/optimized/Schenker-E-LKW-70.webp,71618,2026-01-05T13:02:02+0100
public/Velo Gallery/gallery-carousel/optimized/Hochzeiten.webp,393888,2026-01-05T13:02:16+0100
public/Velo Gallery/gallery-carousel/optimized/DSC07847.webp,45934,2026-01-05T13:02:11+0100
public/Velo Gallery/gallery-carousel/optimized/DSC00143.webp,169338,2026-01-05T13:01:59+0100
public/Velo Gallery/gallery-carousel/optimized/IMG_3839.webp,228482,2026-01-05T13:02:17+0100
public/Velo Gallery/gallery-carousel/optimized/DSC03519.webp,30784,2026-01-05T13:02:03+0100
public/Velo Gallery/gallery-carousel/optimized/G5.webp,230394,2026-01-05T13:01:55+0100
public/Velo Gallery/gallery-carousel/optimized/20210910-DSC04622.webp,224048,2026-01-05T13:02:06+0100
public/Velo Gallery/gallery-carousel/optimized/Galerie.webp,113086,2026-01-05T13:02:07+0100
public/Velo Gallery/gallery-carousel/optimized/Messen.webp,94018,2026-01-05T13:01:56+0100
public/Velo Gallery/gallery-carousel/optimized/Firmenfeier.webp,198686,2026-01-05T13:02:04+0100
public/Velo Gallery/gallery-carousel/optimized/our story .webp,97124,2026-01-05T13:02:02+0100
public/Velo Gallery/gallery-carousel/optimized/DSC00174.webp,74012,2026-01-05T13:02:05+0100
public/Velo Gallery/gallery-carousel/optimized/G4.webp,105466,2026-01-05T13:02:00+0100
public/Velo Gallery/gallery-carousel/optimized/TeamEvent und Workshops.webp,227668,2026-01-05T13:01:55+0100
public/Velo Gallery/gallery-carousel/optimized/DSC07828.webp,44580,2026-01-05T13:02:10+0100
public/Velo Gallery/gallery-carousel/optimized/G8.webp,66606,2026-01-05T13:02:13+0100
public/Velo Gallery/gallery-carousel/optimized/MANGO ROSMARIN.webp,40892,2026-01-05T13:02:01+0100
public/Velo Gallery/gallery-carousel/optimized/G3.webp,196020,2026-01-05T13:02:00+0100
public/Velo Gallery/gallery-carousel/optimized/DSC00260.webp,54248,2026-01-05T13:02:08+0100
public/Velo Gallery/gallery-carousel/optimized/DSC08563.webp,126970,2026-01-05T13:02:14+0100
public/Velo Gallery/gallery-carousel/optimized/DSC00391.webp,68238,2026-01-05T13:02:05+0100
public/Velo Gallery/gallery-carousel/optimized/Himbeer Hibiskus FIZZ.webp,71882,2026-01-05T13:02:09+0100
public/Velo Gallery/gallery-carousel/optimized/DSC08372.webp,167854,2026-01-05T13:02:14+0100
public/Velo Gallery/gallery-carousel/optimized/IMG_7543.webp,95980,2026-01-05T13:02:12+0100
public/Velo Gallery/gallery-carousel/optimized/MINZ MARACUJA.webp,25536,2026-01-05T13:02:11+0100
public/Velo Gallery/gallery-carousel/optimized/FAA20C66-CF13-464D-8309-B200753B0391.webp,177444,2026-01-05T13:02:14+0100
public/Velo Gallery/gallery-carousel/optimized/DSC07875.webp,45150,2026-01-05T13:02:10+0100
public/Velo Gallery/gallery-carousel/optimized/Schenker-E-LKW-23.webp,35206,2026-01-05T13:02:04+0100
public/Velo Gallery/gallery-carousel/optimized/A7401419.webp,98650,2026-01-05T13:02:16+0100
public/Velo Gallery/gallery-carousel/optimized/9127B453-BD48-4C38-AE31-8963BB99F72D.webp,544710,2026-01-05T13:02:14+0100
public/Velo Gallery/gallery-carousel/optimized/G2.webp,97124,2026-01-05T13:02:02+0100
public/Velo Gallery/gallery-carousel/20210814-DSC06342-80w.webp,1484,2026-01-04T15:00:59+0100
public/Velo Gallery/gallery-carousel/IMG_5834-80w.webp,2684,2026-01-04T15:00:28+0100
public/Velo Gallery/gallery-carousel/why us -80w.webp,1366,2026-01-04T15:00:33+0100
public/Velo Gallery/gallery-carousel/Messen-120w.webp,5570,2026-01-04T15:00:22+0100
public/Velo Gallery/gallery-carousel/Firmenfeier.JPG,17515355,2026-01-03T17:02:18+0100
public/Velo Gallery/gallery-carousel/A7401318-80w.webp,2140,2026-01-04T15:00:53+0100
public/Velo Gallery/gallery-carousel/DSC00209-640w.jpg,56431,2026-01-04T14:47:22+0100
public/Velo Gallery/gallery-carousel/A7401419-640w.jpg,95071,2026-01-04T14:47:26+0100
public/Velo Gallery/gallery-carousel/TeamEvent und Workshops-120w.webp,7040,2026-01-04T15:00:18+0100
public/Velo Gallery/gallery-carousel/MANGO ROSMARIN.jpg,21531869,2026-01-03T17:02:22+0100
public/Velo Gallery/gallery-carousel/Schenker-E-LKW-70-640w.jpg,77185,2026-01-04T14:46:51+0100
public/Velo Gallery/gallery-carousel/DSC07850-320w.jpg,13044,2026-01-04T14:47:15+0100
public/Velo Gallery/gallery-carousel/Kontakt Sebi-80w.webp,2286,2026-01-04T15:00:23+0100
public/Velo Gallery/gallery-carousel/DSC08372-80w.webp,1408,2026-01-04T15:00:37+0100
public/Velo Gallery/gallery-carousel/DSC08372-120w.webp,2630,2026-01-04T15:00:37+0100
public/Velo Gallery/gallery-carousel/20230326-DSC05298.jpg,21689340,2026-01-03T17:02:15+0100
public/Velo Gallery/gallery-carousel/CD2A9D8A-EC59-4ACB-87BE-F348982277BD-640w.webp,93856,2026-01-04T14:47:25+0100
public/Velo Gallery/gallery-carousel/IMG_5863-120w.webp,5476,2026-01-04T15:00:25+0100
public/Velo Gallery/gallery-carousel/Schenker-E-LKW-70-80w.webp,1686,2026-01-04T15:00:20+0100
public/Velo Gallery/gallery-carousel/DSC07828-120w.webp,2902,2026-01-04T15:00:40+0100
public/Velo Gallery/gallery-carousel/G4-120w.webp,5228,2026-01-04T15:00:31+0100
public/Velo Gallery/gallery-carousel/A7401419-640w.webp,64572,2026-01-04T14:47:26+0100
public/Velo Gallery/gallery-carousel/IMG_7543-320w.jpg,11747,2026-01-04T14:46:56+0100
public/Velo Gallery/gallery-carousel/DSC08372-640w.jpg,53366,2026-01-04T14:47:13+0100
public/Velo Gallery/gallery-carousel/Kontakt Sebi-640w.jpg,73776,2026-01-04T14:46:56+0100
public/Velo Gallery/gallery-carousel/DSC00209-320w.webp,13156,2026-01-04T14:47:22+0100
public/Velo Gallery/gallery-carousel/6353f60f-e06b-4a82-9faf-afec2a55a9fd.JPG,362699,2026-01-03T17:02:15+0100
public/Velo Gallery/gallery-carousel/Himbeer Hibiskus FIZZ-320w.jpg,27220,2026-01-04T14:47:01+0100
public/Velo Gallery/gallery-carousel/1d4a0f80-a847-4418-a8e0-004c4582a2a0-320w.webp,15540,2026-01-04T14:47:32+0100
public/Velo Gallery/gallery-carousel/DSC00254.jpg,14123773,2026-01-03T17:02:16+0100
public/Velo Gallery/gallery-carousel/IMG_3839-320w.webp,33578,2026-01-04T14:47:00+0100
public/Velo Gallery/gallery-carousel/032B467F-3EC9-4C01-9B4D-C11C02CD8ED6.JPG,3256004,2026-01-03T17:02:14+0100
public/Velo Gallery/gallery-carousel/why us -640w.jpg,40168,2026-01-04T14:47:09+0100
public/Velo Gallery/gallery-carousel/Team-320w.webp,10342,2026-01-04T14:46:49+0100
public/Velo Gallery/gallery-carousel/G3-320w.webp,42466,2026-01-04T14:47:07+0100
public/Velo Gallery/gallery-carousel/DSC00260-120w.webp,4250,2026-01-04T15:00:48+0100
public/Velo Gallery/gallery-carousel/G7-640w.webp,16190,2026-01-04T14:47:04+0100
public/Velo Gallery/gallery-carousel/A7401419-80w.webp,2548,2026-01-04T15:00:53+0100
public/Velo Gallery/gallery-carousel/IMG_1440-320w.webp,20690,2026-01-04T14:47:00+0100
public/Velo Gallery/gallery-carousel/DSC00337-320w.jpg,20310,2026-01-04T14:47:20+0100
public/Velo Gallery/gallery-carousel/A7401318-640w.jpg,67697,2026-01-04T14:47:26+0100
public/Velo Gallery/gallery-carousel/DSC00209-80w.webp,2174,2026-01-04T15:00:50+0100
public/Velo Gallery/gallery-carousel/Schenker-E-LKW-23-640w.webp,23646,2026-01-04T14:46:52+0100
public/Velo Gallery/gallery-carousel/DSC00418-640w.webp,27072,2026-01-04T14:47:18+0100
public/Velo Gallery/gallery-carousel/20210910-DSC04622-120w.webp,2708,2026-01-04T15:00:56+0100
public/Velo Gallery/gallery-carousel/Gallerie.jpg,14021960,2026-01-03T17:02:20+0100
public/Velo Gallery/gallery-carousel/Firmenfeier-640w.jpg,52569,2026-01-04T14:47:10+0100
public/Velo Gallery/gallery-carousel/IMG_5834-640w.jpg,85892,2026-01-04T14:46:59+0100
public/Velo Gallery/gallery-carousel/20210814-DSC06342.JPG,12373175,2026-01-03T17:02:14+0100
public/Velo Gallery/gallery-carousel/Himbeer Hibiskus FIZZ.jpg,12700012,2026-01-03T17:02:20+0100
public/Velo Gallery/gallery-carousel/SPRITYVARIATIONE-640w.webp,23620,2026-01-04T14:46:53+0100
public/Velo Gallery/gallery-carousel/20210814-DSC06342-640w.jpg,48449,2026-01-04T14:47:32+0100
public/Velo Gallery/gallery-carousel/DSC00185-320w.webp,13958,2026-01-04T14:47:23+0100
public/Velo Gallery/gallery-carousel/20210814-DSC06359-320w.webp,19240,2026-01-04T14:47:31+0100
public/Velo Gallery/gallery-carousel/c8a071b1-b05a-4f91-8c11-cf1bd7348172-80w.webp,2380,2026-01-04T15:00:18+0100
public/Velo Gallery/gallery-carousel/DSC00337.jpg,12795071,2026-01-03T17:02:16+0100
public/Velo Gallery/gallery-carousel/Messen-320w.webp,27034,2026-01-04T14:46:53+0100
public/Velo Gallery/gallery-carousel/Basil smash-80w.webp,1848,2026-01-04T15:00:53+0100
public/Velo Gallery/gallery-carousel/DSC07929-320w.jpg,18136,2026-01-04T14:47:13+0100
public/Velo Gallery/gallery-carousel/Gallerie-80w.webp,1464,2026-01-04T15:00:29+0100
public/Velo Gallery/gallery-carousel/DSC00346-640w.webp,36178,2026-01-04T14:47:19+0100
public/Velo Gallery/gallery-carousel/20230326-DSC05298-320w.jpg,17842,2026-01-04T14:47:28+0100
public/Velo Gallery/gallery-carousel/A7401220-320w.jpg,17435,2026-01-04T14:47:27+0100
public/Velo Gallery/gallery-carousel/DSC00174-320w.webp,21752,2026-01-04T14:47:24+0100
public/Velo Gallery/gallery-carousel/A7401318-320w.webp,14570,2026-01-04T14:47:26+0100
public/Velo Gallery/gallery-carousel/Team-320w.jpg,14349,2026-01-04T14:46:50+0100
public/Velo Gallery/gallery-carousel/A7401220-640w.webp,37934,2026-01-04T14:47:27+0100
public/Velo Gallery/gallery-carousel/DSC00391-320w.jpg,27455,2026-01-04T14:47:18+0100
public/Velo Gallery/gallery-carousel/DSC07828-80w.webp,1550,2026-01-04T15:00:40+0100
public/Velo Gallery/gallery-carousel/DSC00185-640w.jpg,58932,2026-01-04T14:47:23+0100
public/Velo Gallery/gallery-carousel/TeamEvent und Workshops-320w.webp,49696,2026-01-04T14:46:48+0100
public/Velo Gallery/gallery-carousel/032B467F-3EC9-4C01-9B4D-C11C02CD8ED6-320w.jpg,16555,2026-01-04T14:47:32+0100
public/Velo Gallery/gallery-carousel/3767168a-4c5c-4d36-bf20-8e390b86336c-320w.jpg,13954,2026-01-04T14:47:27+0100
public/Velo Gallery/gallery-carousel/MINZ MARACUJA-640w.jpg,36801,2026-01-04T14:46:54+0100
public/Velo Gallery/gallery-carousel/DSC00254-320w.webp,14412,2026-01-04T14:47:21+0100
public/Velo Gallery/gallery-carousel/G5-320w.webp,15748,2026-01-04T14:47:05+0100
public/Velo Gallery/gallery-carousel/20210814-DSC06359-80w.webp,2620,2026-01-04T15:00:58+0100
public/Velo Gallery/gallery-carousel/sebi-120w.webp,3548,2026-01-04T15:00:37+0100
public/Velo Gallery/gallery-carousel/Messen-320w.jpg,34977,2026-01-04T14:46:53+0100
public/Velo Gallery/gallery-carousel/Galerie-80w.webp,1278,2026-01-04T15:00:29+0100
public/Velo Gallery/gallery-carousel/9524cdce-648f-47e1-aac2-dda4fa56b5ec-640w.webp,91680,2026-01-04T14:47:27+0100
public/Velo Gallery/gallery-carousel/1d4a0f80-a847-4418-a8e0-004c4582a2a0-320w.jpg,17938,2026-01-04T14:47:32+0100
public/Velo Gallery/gallery-carousel/53D8BEA9-DC8B-4A1C-BBF0-7776EAE2FAA7-640w.webp,33006,2026-01-04T14:47:27+0100
public/Velo Gallery/gallery-carousel/DSC07850.jpg,10322898,2026-01-03T17:02:17+0100
public/Velo Gallery/gallery-carousel/SPRITYVARIATIONE-640w.jpg,37852,2026-01-04T14:46:53+0100
public/Velo Gallery/gallery-carousel/DSC07875-120w.webp,1570,2026-01-04T15:00:38+0100
public/Velo Gallery/gallery-carousel/DSC07847-320w.webp,3888,2026-01-04T14:47:15+0100
public/Velo Gallery/gallery-carousel/Firmenfeier-120w.webp,2506,2026-01-04T15:00:35+0100
public/Velo Gallery/gallery-carousel/DSC09679-120w.webp,3126,2026-01-04T15:00:36+0100
public/Velo Gallery/gallery-carousel/DSC07875-320w.jpg,8935,2026-01-04T14:47:14+0100
public/Velo Gallery/gallery-carousel/c8a071b1-b05a-4f91-8c11-cf1bd7348172-120w.webp,4408,2026-01-04T15:00:18+0100
public/Velo Gallery/gallery-carousel/G7-320w.jpg,11280,2026-01-04T14:47:04+0100
public/Velo Gallery/gallery-carousel/DSC00260-320w.jpg,23907,2026-01-04T14:47:21+0100
public/Velo Gallery/gallery-carousel/Schenker-E-LKW-23-640w.jpg,43625,2026-01-04T14:46:52+0100
public/Velo Gallery/gallery-carousel/sebi-640w.jpg,54967,2026-01-04T14:47:12+0100
public/Velo Gallery/gallery-carousel/G2-640w.jpg,33840,2026-01-04T14:47:08+0100
public/Velo Gallery/gallery-carousel/c8a071b1-b05a-4f91-8c11-cf1bd7348172.JPG,300752,2026-01-03T17:02:24+0100
public/Velo Gallery/gallery-carousel/G2-120w.webp,1926,2026-01-04T15:00:33+0100
public/Velo Gallery/gallery-carousel/G3-640w.jpg,152122,2026-01-04T14:47:08+0100
public/Velo Gallery/gallery-carousel/CD2A9D8A-EC59-4ACB-87BE-F348982277BD-80w.webp,2158,2026-01-04T15:00:53+0100
public/Velo Gallery/gallery-carousel/IMG_6918-640w.jpg,42885,2026-01-04T14:46:57+0100
public/Velo Gallery/gallery-carousel/6353f60f-e06b-4a82-9faf-afec2a55a9fd-320w.webp,14062,2026-01-04T14:47:27+0100
public/Velo Gallery/gallery-carousel/Team Lars-640w.webp,56854,2026-01-04T14:46:50+0100
public/Velo Gallery/gallery-carousel/FAA20C66-CF13-464D-8309-B200753B0391-80w.webp,1510,2026-01-04T15:00:35+0100
public/Velo Gallery/gallery-carousel/MANGO ROSMARIN-320w.webp,10668,2026-01-04T14:46:55+0100
public/Velo Gallery/gallery-carousel/5635c176-c3f9-4c04-880a-a5824c44b6e7-120w.webp,4576,2026-01-04T15:00:54+0100
public/Velo Gallery/gallery-carousel/DSC00337-640w.webp,28658,2026-01-04T14:47:20+0100
public/Velo Gallery/gallery-carousel/20230326-DSC05298-120w.webp,2712,2026-01-04T15:00:55+0100
public/Velo Gallery/gallery-carousel/DSC00143-640w.jpg,136064,2026-01-04T14:47:25+0100
public/Velo Gallery/gallery-carousel/IMG_6918-120w.webp,2812,2026-01-04T15:00:24+0100
public/Velo Gallery/gallery-carousel/G8-320w.webp,5862,2026-01-04T14:47:03+0100
public/Velo Gallery/gallery-carousel/Hochzeiten-640w.jpg,73740,2026-01-04T14:47:01+0100
public/Velo Gallery/gallery-carousel/IMG_3839-640w.jpg,123814,2026-01-04T14:47:00+0100
public/Velo Gallery/gallery-carousel/IMG_7543-120w.webp,1948,2026-01-04T15:00:24+0100
public/Velo Gallery/gallery-carousel/DSC03519-640w.jpg,40432,2026-01-04T14:47:17+0100
public/Velo Gallery/gallery-carousel/Kontakt Sebi-320w.webp,19942,2026-01-04T14:46:56+0100
public/Velo Gallery/gallery-carousel/20210814-DSC06342-640w.webp,24748,2026-01-04T14:47:32+0100
public/Velo Gallery/gallery-carousel/Basil smash.jpg,11049094,2026-01-03T17:02:15+0100
public/Velo Gallery/gallery-carousel/2120d94a-01b1-4d15-8904-81955542d988-120w.webp,2316,2026-01-04T15:00:54+0100
public/Velo Gallery/gallery-carousel/DSC07847.jpg,11943378,2026-01-03T17:02:17+0100
public/Velo Gallery/gallery-carousel/Schenker-E-LKW-70-120w.webp,3310,2026-01-04T15:00:20+0100
public/Velo Gallery/gallery-carousel/DSC00254-320w.jpg,22161,2026-01-04T14:47:21+0100
public/Velo Gallery/gallery-carousel/G4-80w.webp,2688,2026-01-04T15:00:31+0100
public/Velo Gallery/gallery-carousel/G5-80w.webp,1458,2026-01-04T15:00:30+0100
public/Velo Gallery/gallery-carousel/DSC00143-640w.webp,108004,2026-01-04T14:47:25+0100
public/Velo Gallery/gallery-carousel/2120d94a-01b1-4d15-8904-81955542d988-320w.jpg,18129,2026-01-04T14:47:28+0100
public/Velo Gallery/gallery-carousel/Hochzeiten-120w.webp,2800,2026-01-04T15:00:29+0100
public/Velo Gallery/gallery-carousel/9524cdce-648f-47e1-aac2-dda4fa56b5ec-80w.webp,1982,2026-01-04T15:00:54+0100
public/Velo Gallery/gallery-carousel/FAA20C66-CF13-464D-8309-B200753B0391-320w.webp,14400,2026-01-04T14:47:11+0100
public/Velo Gallery/gallery-carousel/DSC07929-640w.webp,39020,2026-01-04T14:47:13+0100
public/Velo Gallery/gallery-carousel/Team Lars-80w.webp,2182,2026-01-04T15:00:19+0100
public/Velo Gallery/gallery-carousel/53D8BEA9-DC8B-4A1C-BBF0-7776EAE2FAA7-640w.jpg,50043,2026-01-04T14:47:27+0100
public/Velo Gallery/gallery-carousel/MINZ MARACUJA-120w.webp,2228,2026-01-04T15:00:23+0100
public/Velo Gallery/gallery-carousel/DSC00418-320w.jpg,14102,2026-01-04T14:47:18+0100
public/Velo Gallery/gallery-carousel/G8-640w.jpg,24936,2026-01-04T14:47:03+0100
public/Velo Gallery/gallery-carousel/A7401318.jpg,734052,2026-01-03T17:02:15+0100
public/Velo Gallery/gallery-carousel/weihnachstfeier-320w.webp,14368,2026-01-04T14:46:47+0100
public/Velo Gallery/gallery-carousel/TeamEvent und Workshops-80w.webp,3136,2026-01-04T15:00:18+0100
public/Velo Gallery/gallery-carousel/why us -320w.webp,10210,2026-01-04T14:47:09+0100
public/Velo Gallery/gallery-carousel/3767168a-4c5c-4d36-bf20-8e390b86336c-640w.webp,28538,2026-01-04T14:47:28+0100
public/Velo Gallery/gallery-carousel/a30d6ea6-fa0a-4492-b744-7d3e13e444e6-320w.webp,13924,2026-01-04T14:46:48+0100
public/Velo Gallery/gallery-carousel/6353f60f-e06b-4a82-9faf-afec2a55a9fd-80w.webp,1580,2026-01-04T15:00:54+0100
public/Velo Gallery/gallery-carousel/IMG_5834-320w.webp,21246,2026-01-04T14:46:58+0100
public/Velo Gallery/gallery-carousel/IMG_5834.JPG,57381923,2026-01-03T17:02:21+0100
public/Velo Gallery/gallery-carousel/DSC03519-640w.webp,20544,2026-01-04T14:47:17+0100
public/Velo Gallery/gallery-carousel/20210910-DSC04622-320w.jpg,18634,2026-01-04T14:47:29+0100
public/Velo Gallery/basil-smash-120w.webp,3576,2026-01-04T15:01:10+0100
public/Velo Gallery/A7401220-120w.webp,2734,2026-01-04T15:05:51+0100
public/Velo Gallery/minz-maracuja-80w.webp,1384,2026-01-04T15:01:09+0100
public/Velo Gallery/A7401220-1920w-80w.webp,1358,2026-01-04T15:01:10+0100
public/Velo Gallery/himbeer-hibiskus-fizz-120w.webp,3988,2026-01-04T15:01:07+0100
public/Velo Gallery/wedding-bar-320w.jpg,19396,2026-01-04T14:47:34+0100
public/Velo Gallery/event-1-120w.webp,2598,2026-01-04T15:01:06+0100
public/Velo Gallery/mango-rosmarin.jpg,21531869,2026-01-05T11:37:36+0100
public/Velo Gallery/wedding-bar-120w.webp,2800,2026-01-04T15:01:02+0100
public/Velo Gallery/DSC09743-640w.jpg,108626,2026-01-03T16:49:38+0100
public/Velo Gallery/drinks-selection-640w.webp,23620,2026-01-04T14:47:37+0100
public/Velo Gallery/mango-rosmarin-320w.webp,10668,2026-01-04T14:47:38+0100
public/Velo Gallery/event-2-640w.webp,20884,2026-01-04T14:47:35+0100
public/Velo Gallery/20220317-_W147453-1920w-80w.webp,1306,2026-01-04T15:01:10+0100
public/Velo Gallery/DSC09743-640w-80w.webp,2674,2026-01-04T15:01:10+0100
public/Velo Gallery/gin-tasting-80w.webp,1464,2026-01-04T15:01:04+0100
public/Velo Gallery/mobile-bar-hero-320w.jpg,19693,2026-01-04T14:47:32+0100
public/Velo Gallery/A7401220-1920w-120w.webp,2734,2026-01-04T15:01:10+0100
public/Velo Gallery/DSC09743-640w-120w.webp,5088,2026-01-04T15:01:10+0100
public/Velo Gallery/mobile-bar-setup-640w.webp,11832,2026-01-04T14:47:33+0100
public/Velo Gallery/minz-maracuja.jpg,11517941,2026-01-05T11:37:36+0100
public/Velo Gallery/mango-rosmarin-320w.jpg,18164,2026-01-04T14:47:39+0100
public/Velo Gallery/event-3-640w.jpg,152122,2026-01-04T14:47:34+0100
public/Velo Gallery/event-2-640w.jpg,33840,2026-01-04T14:47:35+0100
public/Velo Gallery/minz-maracuja-120w.webp,2228,2026-01-04T15:01:09+0100
public/Velo Gallery/wedding-bar.jpg,765562,2026-01-03T16:55:49+0100
public/Velo Gallery/basil-smash-320w.jpg,23073,2026-01-04T14:47:40+0100
public/Velo Gallery/event-1-320w.webp,10210,2026-01-04T14:47:36+0100
public/Velo Gallery/mobile-bar-hero-640w.webp,28686,2026-01-04T14:47:33+0100
public/Velo Gallery/wedding-bar-320w.webp,17338,2026-01-04T14:47:34+0100
public/Velo Gallery/event-2-80w.webp,1098,2026-01-04T15:01:03+0100
public/Velo Gallery/event-3-80w.webp,3200,2026-01-04T15:01:02+0100
public/Velo Gallery/mobile-bar-setup.jpg,11965161,2026-01-05T11:37:36+0100
public/Velo Gallery/drinks-selection-320w.jpg,14251,2026-01-04T14:47:37+0100
public/Velo Gallery/gin-tasting-640w.jpg,53227,2026-01-04T14:47:36+0100
public/Velo Gallery/DSC09743-640w-640w.jpg,91110,2026-01-04T14:47:40+0100
public/Velo Gallery/mango-rosmarin-120w.webp,2788,2026-01-04T15:01:08+0100
public/Velo Gallery/DSC09743-640w-320w.webp,22982,2026-01-04T14:47:40+0100
public/Velo Gallery/A7401220-1920w-320w.webp,13966,2026-01-04T14:47:41+0100
public/Velo Gallery/20220317-_W147453-1920w-640w.jpg,52262,2026-01-04T14:47:41+0100
public/Velo Gallery/drinks-selection.jpg,1676372,2026-01-03T16:54:42+0100
public/Velo Gallery/DSC09743-80w.webp,2674,2026-01-04T15:05:51+0100
public/Velo Gallery/minz-maracuja-320w.webp,7768,2026-01-04T14:47:39+0100
public/Velo Gallery/event-1-320w.jpg,14620,2026-01-04T14:47:37+0100
public/Velo Gallery/mobile-bar-setup-320w.jpg,8935,2026-01-04T14:47:33+0100
public/Velo Gallery/private-feiern/private-feiern-120w.webp,2632,2026-01-04T15:05:51+0100
public/Velo Gallery/private-feiern/private-feiern-1920w-320w.jpg,19773,2026-01-04T14:47:41+0100
public/Velo Gallery/private-feiern/private-feiern-1920w-320w.webp,19992,2026-01-04T14:47:41+0100
public/Velo Gallery/private-feiern/private-feiern-1920w-120w.webp,2632,2026-01-04T15:01:11+0100
public/Velo Gallery/private-feiern/private-feiern-80w.webp,1242,2026-01-04T15:05:51+0100
public/Velo Gallery/private-feiern/private-feiern-1920w.webp,893662,2026-01-03T16:49:27+0100
public/Velo Gallery/private-feiern/private-feiern-1920w-640w.webp,85102,2026-01-04T14:47:41+0100
public/Velo Gallery/private-feiern/optimized/private-feiern-1920w.webp,465654,2026-01-05T13:02:15+0100
public/Velo Gallery/private-feiern/private-feiern-1920w-80w.webp,1242,2026-01-04T15:01:11+0100
public/Velo Gallery/private-feiern/private-feiern-1920w-640w.jpg,82496,2026-01-04T14:47:41+0100
public/Velo Gallery/20220317-_W147453-80w.webp,1306,2026-01-04T15:05:51+0100
public/Velo Gallery/himbeer-hibiskus-fizz-320w.jpg,27220,2026-01-04T14:47:38+0100
public/Velo Gallery/minz-maracuja-640w.jpg,36801,2026-01-04T14:47:40+0100
public/Velo Gallery/20220317-_W147453-1920w-640w.webp,38000,2026-01-04T14:47:41+0100
public/Velo Gallery/basil-smash-320w.webp,16104,2026-01-04T14:47:40+0100
public/Velo Gallery/event-3-640w.webp,130572,2026-01-04T14:47:34+0100
public/Velo Gallery/A7401220-1920w-640w.jpg,52653,2026-01-04T14:47:41+0100
public/Velo Gallery/A7401220-80w.webp,1358,2026-01-04T15:05:51+0100
public/Velo Gallery/himbeer-hibiskus-fizz-320w.webp,19064,2026-01-04T14:47:38+0100
public/Velo Gallery/20220317-_W147453-1920w-320w.jpg,16705,2026-01-04T14:47:41+0100
public/Velo Gallery/mobile-bar-hero-120w.webp,2902,2026-01-04T15:01:00+0100
public/Velo Gallery/drinks-selection-320w.webp,10206,2026-01-04T14:47:37+0100
public/Velo Gallery/event-2.jpg,19991306,2026-01-05T11:37:34+0100
public/Velo Gallery/basil-smash.jpg,11049094,2026-01-05T11:37:33+0100
public/Velo Gallery/mango-rosmarin-640w.webp,26952,2026-01-04T14:47:39+0100
public/Velo Gallery/event-2-320w.webp,8022,2026-01-04T14:47:35+0100
public/Velo Gallery/event-3.jpg,22117493,2026-01-05T11:37:34+0100
public/Velo Gallery/teamevent-und-workshops/teamevent-und-workshops-1920w.webp,958146,2026-01-03T16:49:27+0100
public/Velo Gallery/teamevent-und-workshops/teamevent-und-workshops-1920w-120w.webp,7136,2026-01-04T15:01:10+0100
public/Velo Gallery/teamevent-und-workshops/teamevent-und-workshops-1920w-640w.jpg,162900,2026-01-04T14:47:41+0100
public/Velo Gallery/teamevent-und-workshops/teamevent-und-workshops-1920w-80w.webp,3156,2026-01-04T15:01:10+0100
public/Velo Gallery/teamevent-und-workshops/teamevent-und-workshops-1920w-320w.webp,48326,2026-01-04T14:47:41+0100
public/Velo Gallery/teamevent-und-workshops/teamevent-und-workshops-120w.webp,7136,2026-01-04T15:05:51+0100
public/Velo Gallery/teamevent-und-workshops/optimized/teamevent-und-workshops-1920w.webp,217584,2026-01-05T13:02:15+0100
public/Velo Gallery/teamevent-und-workshops/teamevent-und-workshops-1920w-320w.jpg,48086,2026-01-04T14:47:41+0100
public/Velo Gallery/teamevent-und-workshops/teamevent-und-workshops-1920w-640w.webp,149996,2026-01-04T14:47:41+0100
public/Velo Gallery/teamevent-und-workshops/teamevent-und-workshops-80w.webp,3156,2026-01-04T15:05:51+0100
public/Velo Gallery/event-1-640w.jpg,40168,2026-01-04T14:47:37+0100
public/Velo Gallery/mobile-bar-setup-640w.jpg,22378,2026-01-04T14:47:33+0100
public/Velo Gallery/20220317-_W147453-1920w.webp,278178,2026-01-03T16:49:38+0100
public/Velo Gallery/basil-smash-80w.webp,1848,2026-01-04T15:01:10+0100
public/Velo Gallery/event-1.jpg,24705230,2026-01-05T11:37:33+0100
public/Velo Gallery/mobile-bar-setup-320w.webp,5274,2026-01-04T14:47:33+0100
public/Velo Gallery/mobile-bar-hero-80w.webp,1550,2026-01-04T15:01:00+0100
public/Velo Gallery/mango-rosmarin-80w.webp,1554,2026-01-04T15:01:08+0100
public/Velo Gallery/drinks-selection-640w.jpg,37852,2026-01-04T14:47:37+0100
public/Velo Gallery/DSC09743-640w-320w.jpg,31125,2026-01-04T14:47:40+0100
public/Velo Gallery/gin-tasting-320w.jpg,18136,2026-01-04T14:47:36+0100
public/Velo Gallery/himbeer-hibiskus-fizz.jpg,12700012,2026-01-05T11:37:35+0100
public/Velo Gallery/gin-tasting-320w.webp,15476,2026-01-04T14:47:35+0100
public/Velo Gallery/event-3-120w.webp,6824,2026-01-04T15:01:02+0100
public/Velo Gallery/20220317-_W147453-1920w-120w.webp,2472,2026-01-04T15:01:10+0100
public/Velo Gallery/hochzeit/hochzeiten-1920w.webp,674854,2026-01-03T16:49:27+0100
public/Velo Gallery/hochzeit/hochzeiten-1920w-640w.jpg,72719,2026-01-04T14:47:41+0100
public/Velo Gallery/hochzeit/hochzeiten-1920w-80w.webp,1420,2026-01-04T15:01:11+0100
public/Velo Gallery/hochzeit/hochzeiten-1920w-640w.webp,66120,2026-01-04T14:47:41+0100
public/Velo Gallery/hochzeit/hochzeiten-80w.webp,1420,2026-01-04T15:05:51+0100
public/Velo Gallery/hochzeit/hochzeiten-1920w-120w.webp,2780,2026-01-04T15:01:11+0100
public/Velo Gallery/hochzeit/optimized/hochzeiten-1920w.webp,339424,2026-01-05T13:02:17+0100
public/Velo Gallery/hochzeit/hochzeiten-1920w-320w.webp,17658,2026-01-04T14:47:41+0100
public/Velo Gallery/hochzeit/hochzeiten-120w.webp,2780,2026-01-04T15:05:51+0100
public/Velo Gallery/hochzeit/hochzeiten-1920w-320w.jpg,19271,2026-01-04T14:47:41+0100
public/Velo Gallery/optimized/gin-tasting.webp,162660,2026-01-05T13:02:03+0100
public/Velo Gallery/optimized/basil-smash.webp,59648,2026-01-05T13:02:12+0100
public/Velo Gallery/optimized/drinks-selection.webp,90010,2026-01-05T13:02:14+0100
public/Velo Gallery/optimized/A7401220-1920w.webp,173976,2026-01-05T13:02:15+0100
public/Velo Gallery/optimized/event-1.webp,110872,2026-01-05T13:01:58+0100
public/Velo Gallery/optimized/bar-icon.webp,90010,2026-01-05T13:02:14+0100
public/Velo Gallery/optimized/partner2.webp,110872,2026-01-05T13:01:58+0100
public/Velo Gallery/optimized/partner3.webp,90010,2026-01-05T13:02:15+0100
public/Velo Gallery/optimized/himbeer-hibiskus-fizz.webp,71882,2026-01-05T13:02:09+0100
public/Velo Gallery/optimized/mobile-bar-setup.webp,45150,2026-01-05T13:02:10+0100
public/Velo Gallery/optimized/minz-maracuja.webp,25536,2026-01-05T13:02:11+0100
public/Velo Gallery/optimized/partner1.webp,173976,2026-01-05T13:02:15+0100
public/Velo Gallery/optimized/wedding-bar.webp,393888,2026-01-05T13:02:16+0100
public/Velo Gallery/optimized/mango-rosmarin.webp,40892,2026-01-05T13:02:01+0100
public/Velo Gallery/optimized/event-2.webp,97124,2026-01-05T13:02:01+0100
public/Velo Gallery/optimized/mobile-bar-hero.webp,44580,2026-01-05T13:02:09+0100
public/Velo Gallery/optimized/event-3.webp,196020,2026-01-05T13:01:59+0100
public/Velo Gallery/wedding-bar-80w.webp,1464,2026-01-04T15:01:02+0100
public/Velo Gallery/A7401220-1920w.jpg,861283,2026-01-03T16:49:38+0100
public/Velo Gallery/minz-maracuja-320w.jpg,14352,2026-01-04T14:47:39+0100
public/Velo Gallery/himbeer-hibiskus-fizz-640w.jpg,78511,2026-01-04T14:47:38+0100
public/Velo Gallery/A7401220-1920w-320w.jpg,17374,2026-01-04T14:47:41+0100
public/Velo Gallery/himbeer-hibiskus-fizz-80w.webp,2218,2026-01-04T15:01:07+0100
public/Velo Gallery/gin-tasting-120w.webp,2978,2026-01-04T15:01:05+0100
public/Velo Gallery/basil-smash-640w.webp,40732,2026-01-04T14:47:40+0100
public/Velo Gallery/20220317-_W147453-1920w-320w.webp,12942,2026-01-04T14:47:41+0100
public/Velo Gallery/event-3-320w.webp,42466,2026-01-04T14:47:34+0100
public/Velo Gallery/DSC09743-120w.webp,5088,2026-01-04T15:05:51+0100
public/Velo Gallery/wedding-bar-640w.jpg,73740,2026-01-04T14:47:34+0100
public/Velo Gallery/gin-tasting.jpg,18464162,2026-01-05T11:37:35+0100
public/Velo Gallery/himbeer-hibiskus-fizz-640w.webp,48040,2026-01-04T14:47:38+0100
public/Velo Gallery/drinks-selection-120w.webp,2514,2026-01-04T15:01:06+0100
public/Velo Gallery/drinks-selection-80w.webp,1402,2026-01-04T15:01:06+0100
public/Velo Gallery/wedding-bar-640w.webp,66122,2026-01-04T14:47:34+0100
public/Velo Gallery/mobile-bar-hero-640w.jpg,54139,2026-01-04T14:47:33+0100
public/Velo Gallery/event-1-640w.webp,24858,2026-01-04T14:47:37+0100
public/Velo Gallery/mango-rosmarin-640w.jpg,51582,2026-01-04T14:47:39+0100
public/Velo Gallery/mobile-bar-hero-320w.webp,12064,2026-01-04T14:47:32+0100
public/Velo Gallery/mobile-bar-hero.jpg,12570875,2026-01-05T11:37:36+0100
public/Velo Gallery/event-2-320w.jpg,11852,2026-01-04T14:47:35+0100
public/Velo Gallery/event-3-320w.jpg,45834,2026-01-04T14:47:34+0100
public/Velo Gallery/event-2-120w.webp,1926,2026-01-04T15:01:04+0100
public/Velo Gallery/20220317-_W147453-120w.webp,2472,2026-01-04T15:05:51+0100
public/Velo Gallery/basil-smash-640w.jpg,65892,2026-01-04T14:47:40+0100
public/Velo Gallery/DSC09743-640w-640w.webp,57428,2026-01-04T14:47:40+0100
public/Velo Gallery/mobile-bar-setup-120w.webp,1570,2026-01-04T15:01:01+0100
public/Velo Gallery/mobile-bar-setup-80w.webp,1016,2026-01-04T15:01:01+0100
public/Velo Gallery/A7401220-1920w-640w.webp,37702,2026-01-04T14:47:41+0100
public/Velo Gallery/event-1-80w.webp,1366,2026-01-04T15:01:06+0100
public/Velo Gallery/minz-maracuja-640w.webp,17380,2026-01-04T14:47:39+0100
public/Velo Gallery/firemnfeier/firmenfeier-1920w-80w.webp,1306,2026-01-04T15:01:11+0100
public/Velo Gallery/firemnfeier/firmenfeier-1920w.webp,278178,2026-01-03T16:49:10+0100
public/Velo Gallery/firemnfeier/firmenfeier-1920w-640w.webp,38000,2026-01-04T14:47:42+0100
public/Velo Gallery/firemnfeier/firmenfeier-1920w-640w.jpg,52262,2026-01-04T14:47:42+0100
public/Velo Gallery/firemnfeier/firmenfeier-1920w-120w.webp,2472,2026-01-04T15:01:11+0100
public/Velo Gallery/firemnfeier/firmenfeier-80w.webp,1306,2026-01-04T15:05:51+0100
public/Velo Gallery/firemnfeier/firmenfeier-1920w-320w.jpg,16705,2026-01-04T14:47:42+0100
public/Velo Gallery/firemnfeier/firmenfeier-1920w-320w.webp,12942,2026-01-04T14:47:42+0100
public/Velo Gallery/firemnfeier/firmenfeier-120w.webp,2472,2026-01-04T15:05:51+0100
public/Velo Gallery/messen/messen-1920w.webp,337918,2026-01-03T16:49:27+0100
public/Velo Gallery/messen/messen-1920w-640w.webp,62426,2026-01-04T14:47:41+0100
public/Velo Gallery/messen/messen-80w.webp,2882,2026-01-04T15:05:51+0100
public/Velo Gallery/messen/messen-1920w-320w.jpg,34036,2026-01-04T14:47:41+0100
public/Velo Gallery/messen/messen-1920w-320w.webp,25916,2026-01-04T14:47:41+0100
public/Velo Gallery/messen/messen-120w.webp,5510,2026-01-04T15:05:51+0100
public/Velo Gallery/messen/messen-1920w-640w.jpg,96751,2026-01-04T14:47:41+0100
public/Velo Gallery/messen/messen-1920w-80w.webp,2882,2026-01-04T15:01:11+0100
public/Velo Gallery/messen/messen-1920w-120w.webp,5510,2026-01-04T15:01:11+0100
public/velo.svg,119486,2026-01-01T20:49:22+0100
public/custom-hero.jpg,19396,2026-01-04T15:28:46+0100
public/icons/barkeeper.svg,490,2026-01-01T22:54:06+0100
public/icons/certificate.svg,704,2026-01-01T22:54:10+0100
public/icons/time.svg,481,2026-01-01T22:54:28+0100
public/icons/crown.svg,508,2026-01-01T22:53:21+0100
public/icons/bar.svg,681,2026-01-01T22:54:03+0100
public/icons/insurance.svg,555,2026-01-01T22:54:25+0100
public/icons/deco.svg,413,2026-01-01T22:54:16+0100
public/icons/guests.svg,725,2026-01-01T22:54:23+0100
public/icons/cocktails.svg,589,2026-01-01T22:54:13+0100
public/icons/eco.svg,512,2026-01-01T22:54:19+0100
public/Diamond.svg,265,2026-01-04T14:18:39+0100
public/assets/images/hero/business-hero.webp,518,2026-01-04T15:27:03+0100
public/assets/images/photos/bar-team-interaction.webp,518,2026-01-04T15:27:29+0100
public/assets/_originals/custom-background.jpg,19396,2026-01-04T15:28:50+0100
public/assets/custom-background.webp,18410,2026-01-04T15:28:50+0100
public/assets/custom-background.jpg,19396,2026-01-04T15:25:28+0100
public/assets/custom-background-320w.webp,18410,2026-01-04T15:28:50+0100
