hash,size_bytes,duplicate_count,paths,suggested_canonical
90fc0f744da05b6b4866bdf26dd2176d,19396,6,"/public/hero.jpg|/public/Velo Gallery/wedding-bar-320w.jpg|/public/Velo Gallery/velo bar bilder 2/Hochzeiten-320w.jpg|/public/custom-hero.jpg|/public/assets/_originals/custom-background.jpg|/public/assets/custom-background.jpg",/public/hero.jpg
2dbd2b0cc28bca6244b36bc1b567e5b2,90010,4,"/public/Velo Gallery/velo bar bilder 2/optimized/SPRITYVARIATIONE.webp|/public/Velo Gallery/optimized/drinks-selection.webp|/public/Velo Gallery/optimized/bar-icon.webp|/public/Velo Gallery/optimized/partner3.webp",/public/Velo Gallery/optimized/bar-icon.webp
db8cf5f6555da6fe49b25b0d0aedb3ae,2472,4,"/public/Velo Gallery/20220317-_W147453-1920w-120w.webp|/public/Velo Gallery/20220317-_W147453-120w.webp|/public/Velo Gallery/firemnfeier/firmenfeier-1920w-120w.webp|/public/Velo Gallery/firemnfeier/firmenfeier-120w.webp",/public/Velo Gallery/20220317-_W147453-120w.webp
68658baa964eae892f6e4afafda7be56,1306,4,"/public/Velo Gallery/20220317-_W147453-1920w-80w.webp|/public/Velo Gallery/20220317-_W147453-80w.webp|/public/Velo Gallery/firemnfeier/firmenfeier-1920w-80w.webp|/public/Velo Gallery/firemnfeier/firmenfeier-80w.webp",/public/Velo Gallery/20220317-_W147453-80w.webp
7db2f74a6c4e452a95a39beaaf49270f,19991306,3,"/public/Velo Gallery/velo bar bilder 2/our story .JPG|/public/Velo Gallery/velo bar bilder 2/G2.JPG|/public/Velo Gallery/event-2.jpg",/public/Velo Gallery/event-2.jpg
8bf1fd7ebd8720134eb939930ccd9f03,110872,3,"/public/Velo Gallery/velo bar bilder 2/optimized/why us .webp|/public/Velo Gallery/optimized/event-1.webp|/public/Velo Gallery/optimized/partner2.webp",/public/Velo Gallery/optimized/event-1.webp
db0e611390a7d736192c262d8406952f,97124,3,"/public/Velo Gallery/velo bar bilder 2/optimized/our story .webp|/public/Velo Gallery/velo bar bilder 2/optimized/G2.webp|/public/Velo Gallery/optimized/event-2.webp",/public/Velo Gallery/optimized/event-2.webp
c33ba8fe4642afe85ed229f44e89721f,33840,3,"/public/Velo Gallery/event-2-640w.jpg|/public/Velo Gallery/velo bar bilder 2/our story -640w.jpg|/public/Velo Gallery/velo bar bilder 2/G2-640w.jpg",/public/Velo Gallery/event-2-640w.jpg
f53f2f3620f3ab6263c5b7a49bac98cb,20884,3,"/public/Velo Gallery/event-2-640w.webp|/public/Velo Gallery/velo bar bilder 2/G2-640w.webp|/public/Velo Gallery/velo bar bilder 2/our story -640w.webp",/public/Velo Gallery/event-2-640w.webp
66e989784c928011c5749ab4c73a550e,11852,3,"/public/Velo Gallery/velo bar bilder 2/G2-320w.jpg|/public/Velo Gallery/velo bar bilder 2/our story -320w.jpg|/public/Velo Gallery/event-2-320w.jpg",/public/Velo Gallery/event-2-320w.jpg
4415fdc66d83f5639eb39516a2c0b96e,8022,3,"/public/Velo Gallery/velo bar bilder 2/our story -320w.webp|/public/Velo Gallery/velo bar bilder 2/G2-320w.webp|/public/Velo Gallery/event-2-320w.webp",/public/Velo Gallery/event-2-320w.webp
ef859d362b3d272110aeed593daf8439,1926,3,"/public/Velo Gallery/velo bar bilder 2/our story -120w.webp|/public/Velo Gallery/velo bar bilder 2/G2-120w.webp|/public/Velo Gallery/event-2-120w.webp",/public/Velo Gallery/event-2-120w.webp
1650df706bf2d706c64d42920247e1fb,1098,3,"/public/Velo Gallery/event-2-80w.webp|/public/Velo Gallery/velo bar bilder 2/our story -80w.webp|/public/Velo Gallery/velo bar bilder 2/G2-80w.webp",/public/Velo Gallery/event-2-80w.webp
d4b20da12e93a0faf67605e0b65c1116,518,3,"/public/images/placeholder.svg|/public/assets/images/hero/business-hero.webp|/public/assets/images/photos/bar-team-interaction.webp",/public/images/placeholder.svg
a56f36ebcd74f5a97a181ade33ac9cf9,24705230,2,"/public/Velo Gallery/velo bar bilder 2/why us .jpg|/public/Velo Gallery/event-1.jpg",/public/Velo Gallery/event-1.jpg
e3d91ca73f97237e58935f1935f611c0,22117493,2,"/public/Velo Gallery/velo bar bilder 2/G3.JPG|/public/Velo Gallery/event-3.jpg",/public/Velo Gallery/event-3.jpg
adf7b39057d181bcf2fdf25806281156,21531869,2,"/public/Velo Gallery/mango-rosmarin.jpg|/public/Velo Gallery/velo bar bilder 2/MANGO ROSMARIN.jpg",/public/Velo Gallery/mango-rosmarin.jpg
979bb8bcb81dd8c3598d9a75f46993fa,18464162,2,"/public/Velo Gallery/velo bar bilder 2/DSC07929.jpg|/public/Velo Gallery/gin-tasting.jpg",/public/Velo Gallery/gin-tasting.jpg
d15b4cd799e6e8e049f964efb0fb0df7,12700012,2,"/public/Velo Gallery/velo bar bilder 2/Himbeer Hibiskus FIZZ.jpg|/public/Velo Gallery/himbeer-hibiskus-fizz.jpg",/public/Velo Gallery/himbeer-hibiskus-fizz.jpg
2a95234ab87d7785d8f2281a7fead17c,12570875,2,"/public/Velo Gallery/velo bar bilder 2/DSC07828.jpg|/public/Velo Gallery/mobile-bar-hero.jpg",/public/Velo Gallery/mobile-bar-hero.jpg
75316caf8f37c14b1e06911693d1dbd3,11965161,2,"/public/Velo Gallery/mobile-bar-setup.jpg|/public/Velo Gallery/velo bar bilder 2/DSC07875.jpg",/public/Velo Gallery/mobile-bar-setup.jpg
dca24b7b0d8092c9a1defcd4a688cc45,11517941,2,"/public/Velo Gallery/minz-maracuja.jpg|/public/Velo Gallery/velo bar bilder 2/MINZ MARACUJA.jpg",/public/Velo Gallery/minz-maracuja.jpg
1fa59f04f9a0122dc87d4f84ff49d44a,11049094,2,"/public/Velo Gallery/velo bar bilder 2/Basil smash.jpg|/public/Velo Gallery/basil-smash.jpg",/public/Velo Gallery/basil-smash.jpg
9f97206d18b8c88b4d63c4698f4478d0,1676372,2,"/public/Velo Gallery/drinks-selection.jpg|/public/Velo Gallery/velo bar bilder 2/SPRITYVARIATIONE.jpg",/public/Velo Gallery/drinks-selection.jpg
6cf8e989b63934b31c365b805079591a,765562,2,"/public/Velo Gallery/wedding-bar.jpg|/public/Velo Gallery/velo bar bilder 2/Hochzeiten.JPG",/public/Velo Gallery/wedding-bar.jpg
60a3cd321dbc53b6a785747c1b73460c,393888,2,"/public/Velo Gallery/velo bar bilder 2/optimized/Hochzeiten.webp|/public/Velo Gallery/optimized/wedding-bar.webp",/public/Velo Gallery/optimized/wedding-bar.webp
0373b2dae6f8c91674c69403df597e03,278178,2,"/public/Velo Gallery/20220317-_W147453-1920w.webp|/public/Velo Gallery/firemnfeier/firmenfeier-1920w.webp",/public/Velo Gallery/20220317-_W147453-1920w.webp
ec24e40eb5c333a646ed405ba6959276,196020,2,"/public/Velo Gallery/velo bar bilder 2/optimized/G3.webp|/public/Velo Gallery/optimized/event-3.webp",/public/Velo Gallery/optimized/event-3.webp
3e497d8958c93ee1a5e8660292e3ac14,173976,2,"/public/Velo Gallery/optimized/A7401220-1920w.webp|/public/Velo Gallery/optimized/partner1.webp",/public/Velo Gallery/optimized/partner1.webp
219932488408c2f5c8a43f554ea1a2bc,162660,2,"/public/Velo Gallery/velo bar bilder 2/optimized/DSC07929.webp|/public/Velo Gallery/optimized/gin-tasting.webp",/public/Velo Gallery/optimized/gin-tasting.webp
d6886dcf84038903b6abfc6bb95f63b3,152122,2,"/public/Velo Gallery/event-3-640w.jpg|/public/Velo Gallery/velo bar bilder 2/G3-640w.jpg",/public/Velo Gallery/event-3-640w.jpg
87224abb6eb47f8316847a754ffe9209,130572,2,"/public/Velo Gallery/velo bar bilder 2/G3-640w.webp|/public/Velo Gallery/event-3-640w.webp",/public/Velo Gallery/event-3-640w.webp
e53f4654b73c8ab666aabe968607cc72,78511,2,"/public/Velo Gallery/velo bar bilder 2/Himbeer Hibiskus FIZZ-640w.jpg|/public/Velo Gallery/himbeer-hibiskus-fizz-640w.jpg",/public/Velo Gallery/himbeer-hibiskus-fizz-640w.jpg
a5caaeeaa38c8251029293e18afaa9fd,73740,2,"/public/Velo Gallery/velo bar bilder 2/Hochzeiten-640w.jpg|/public/Velo Gallery/wedding-bar-640w.jpg",/public/Velo Gallery/wedding-bar-640w.jpg
264eda18ad65c803c1e6dc02f5c2c4ca,71882,2,"/public/Velo Gallery/velo bar bilder 2/optimized/Himbeer Hibiskus FIZZ.webp|/public/Velo Gallery/optimized/himbeer-hibiskus-fizz.webp",/public/Velo Gallery/optimized/himbeer-hibiskus-fizz.webp
503e716ed69e43d1b50abd5ef62f2efa,66122,2,"/public/Velo Gallery/velo bar bilder 2/Hochzeiten-640w.webp|/public/Velo Gallery/wedding-bar-640w.webp",/public/Velo Gallery/wedding-bar-640w.webp
ada8678274447c3d52e1c01d1f84bb6a,65892,2,"/public/Velo Gallery/velo bar bilder 2/Basil smash-640w.jpg|/public/Velo Gallery/basil-smash-640w.jpg",/public/Velo Gallery/basil-smash-640w.jpg
2535b8c18d64a8a739e7bea6d28f0fca,59648,2,"/public/Velo Gallery/velo bar bilder 2/optimized/Basil smash.webp|/public/Velo Gallery/optimized/basil-smash.webp",/public/Velo Gallery/optimized/basil-smash.webp
67eb81d09fe99cb4e7d6de42a7224d68,54139,2,"/public/Velo Gallery/velo bar bilder 2/DSC07828-640w.jpg|/public/Velo Gallery/mobile-bar-hero-640w.jpg",/public/Velo Gallery/mobile-bar-hero-640w.jpg
a426eb6349791fcacf462d0712167da0,53227,2,"/public/Velo Gallery/gin-tasting-640w.jpg|/public/Velo Gallery/velo bar bilder 2/DSC07929-640w.jpg",/public/Velo Gallery/gin-tasting-640w.jpg
d9046ed7f9d2ff668229b0d6a44f0686,52262,2,"/public/Velo Gallery/20220317-_W147453-1920w-640w.jpg|/public/Velo Gallery/firemnfeier/firmenfeier-1920w-640w.jpg",/public/Velo Gallery/20220317-_W147453-1920w-640w.jpg
82e8dd37424dea85bf967a0030041b45,51582,2,"/public/Velo Gallery/velo bar bilder 2/MANGO ROSMARIN-640w.jpg|/public/Velo Gallery/mango-rosmarin-640w.jpg",/public/Velo Gallery/mango-rosmarin-640w.jpg
f79d6b84fbda0e1b84d284fd2c53ed6d,48040,2,"/public/Velo Gallery/velo bar bilder 2/Himbeer Hibiskus FIZZ-640w.webp|/public/Velo Gallery/himbeer-hibiskus-fizz-640w.webp",/public/Velo Gallery/himbeer-hibiskus-fizz-640w.webp
447fd59a21ac064cf99e07d14fe04ebb,45834,2,"/public/Velo Gallery/velo bar bilder 2/G3-320w.jpg|/public/Velo Gallery/event-3-320w.jpg",/public/Velo Gallery/event-3-320w.jpg
62d8f4d30f0032a0196cd0f85d1bf52c,45150,2,"/public/Velo Gallery/velo bar bilder 2/optimized/DSC07875.webp|/public/Velo Gallery/optimized/mobile-bar-setup.webp",/public/Velo Gallery/optimized/mobile-bar-setup.webp
597958f43ed6935b91a6b78924265803,44580,2,"/public/Velo Gallery/velo bar bilder 2/optimized/DSC07828.webp|/public/Velo Gallery/optimized/mobile-bar-hero.webp",/public/Velo Gallery/optimized/mobile-bar-hero.webp
d9b812fd290e0188654bcc4063ca888e,42466,2,"/public/Velo Gallery/velo bar bilder 2/G3-320w.webp|/public/Velo Gallery/event-3-320w.webp",/public/Velo Gallery/event-3-320w.webp
6e59092e47aa682efb4e97ee3099d4e4,40892,2,"/public/Velo Gallery/velo bar bilder 2/optimized/MANGO ROSMARIN.webp|/public/Velo Gallery/optimized/mango-rosmarin.webp",/public/Velo Gallery/optimized/mango-rosmarin.webp
5043b107e399a2527311b567eeeec3a7,40732,2,"/public/Velo Gallery/velo bar bilder 2/Basil smash-640w.webp|/public/Velo Gallery/basil-smash-640w.webp",/public/Velo Gallery/basil-smash-640w.webp
2d8e432515a4159713616372e88cc911,40168,2,"/public/Velo Gallery/velo bar bilder 2/why us -640w.jpg|/public/Velo Gallery/event-1-640w.jpg",/public/Velo Gallery/event-1-640w.jpg
54c0c7efefc2b2cc06f86408c3596f17,39020,2,"/public/Velo Gallery/gin-tasting-640w.webp|/public/Velo Gallery/velo bar bilder 2/DSC07929-640w.webp",/public/Velo Gallery/gin-tasting-640w.webp
7645374d6b6823379af1636d8cace94f,38000,2,"/public/Velo Gallery/20220317-_W147453-1920w-640w.webp|/public/Velo Gallery/firemnfeier/firmenfeier-1920w-640w.webp",/public/Velo Gallery/20220317-_W147453-1920w-640w.webp
3f48876c0705e6bfd7147d9099033af0,37852,2,"/public/Velo Gallery/velo bar bilder 2/SPRITYVARIATIONE-640w.jpg|/public/Velo Gallery/drinks-selection-640w.jpg",/public/Velo Gallery/drinks-selection-640w.jpg
c9f89ee5d9ad9e010015906aa12e5023,36801,2,"/public/Velo Gallery/velo bar bilder 2/MINZ MARACUJA-640w.jpg|/public/Velo Gallery/minz-maracuja-640w.jpg",/public/Velo Gallery/minz-maracuja-640w.jpg
ed0b16048a34dd3ede670aa986bc6136,35402,2,"/public/images/clients/client-12.svg|/public/images/clients/client-01.svg",/public/images/clients/client-01.svg
6de02cb27b333d805f4809baa6105563,28686,2,"/public/Velo Gallery/mobile-bar-hero-640w.webp|/public/Velo Gallery/velo bar bilder 2/DSC07828-640w.webp",/public/Velo Gallery/mobile-bar-hero-640w.webp
e55c187c8d7b8cdeb4cd7754a0ec14d0,27220,2,"/public/Velo Gallery/velo bar bilder 2/Himbeer Hibiskus FIZZ-320w.jpg|/public/Velo Gallery/himbeer-hibiskus-fizz-320w.jpg",/public/Velo Gallery/himbeer-hibiskus-fizz-320w.jpg
3ea3042946246b4cbd6537c5e2347973,26952,2,"/public/Velo Gallery/velo bar bilder 2/MANGO ROSMARIN-640w.webp|/public/Velo Gallery/mango-rosmarin-640w.webp",/public/Velo Gallery/mango-rosmarin-640w.webp
eff7cae221f672e2d3a234bc5d08dbb0,25536,2,"/public/Velo Gallery/velo bar bilder 2/optimized/MINZ MARACUJA.webp|/public/Velo Gallery/optimized/minz-maracuja.webp",/public/Velo Gallery/optimized/minz-maracuja.webp
1b2f805e3e039dfccab0aff321293f6a,24858,2,"/public/Velo Gallery/velo bar bilder 2/why us -640w.webp|/public/Velo Gallery/event-1-640w.webp",/public/Velo Gallery/event-1-640w.webp
c3d1212455f5e5cf37c730c832ba1322,23620,2,"/public/Velo Gallery/drinks-selection-640w.webp|/public/Velo Gallery/velo bar bilder 2/SPRITYVARIATIONE-640w.webp",/public/Velo Gallery/drinks-selection-640w.webp
c6ae8459554ec03a2a3219e4a2f2fca8,23073,2,"/public/Velo Gallery/basil-smash-320w.jpg|/public/Velo Gallery/velo bar bilder 2/Basil smash-320w.jpg",/public/Velo Gallery/basil-smash-320w.jpg
2ee7f40180eee7fe1f3d1cb268b13c6f,22378,2,"/public/Velo Gallery/velo bar bilder 2/DSC07875-640w.jpg|/public/Velo Gallery/mobile-bar-setup-640w.jpg",/public/Velo Gallery/mobile-bar-setup-640w.jpg
f40ae0a168d734ee09f4e8c06a5037f4,19693,2,"/public/Velo Gallery/mobile-bar-hero-320w.jpg|/public/Velo Gallery/velo bar bilder 2/DSC07828-320w.jpg",/public/Velo Gallery/mobile-bar-hero-320w.jpg
76ed0afcad688b54d36e37891ecaf84b,19064,2,"/public/Velo Gallery/velo bar bilder 2/Himbeer Hibiskus FIZZ-320w.webp|/public/Velo Gallery/himbeer-hibiskus-fizz-320w.webp",/public/Velo Gallery/himbeer-hibiskus-fizz-320w.webp
d8fdd2106b31d441a229f72bbb0a1651,18410,2,"/public/assets/custom-background.webp|/public/assets/custom-background-320w.webp",/public/assets/custom-background.webp
1a4ecac8d67a299b3e781d5cebb48ce7,18164,2,"/public/Velo Gallery/mango-rosmarin-320w.jpg|/public/Velo Gallery/velo bar bilder 2/MANGO ROSMARIN-320w.jpg",/public/Velo Gallery/mango-rosmarin-320w.jpg
3ce473224cfeff7b8496f384c9ad88ed,18136,2,"/public/Velo Gallery/velo bar bilder 2/DSC07929-320w.jpg|/public/Velo Gallery/gin-tasting-320w.jpg",/public/Velo Gallery/gin-tasting-320w.jpg
0e36379a1d4278104784a3ec9e439941,17380,2,"/public/Velo Gallery/velo bar bilder 2/MINZ MARACUJA-640w.webp|/public/Velo Gallery/minz-maracuja-640w.webp",/public/Velo Gallery/minz-maracuja-640w.webp
095be24ec96e6e62c02f5bd05e659c87,17338,2,"/public/Velo Gallery/wedding-bar-320w.webp|/public/Velo Gallery/velo bar bilder 2/Hochzeiten-320w.webp",/public/Velo Gallery/wedding-bar-320w.webp
1d3509e962da40bc08cabcc7a225b823,16705,2,"/public/Velo Gallery/20220317-_W147453-1920w-320w.jpg|/public/Velo Gallery/firemnfeier/firmenfeier-1920w-320w.jpg",/public/Velo Gallery/20220317-_W147453-1920w-320w.jpg
c6210bec5c12fc90136fbeb557c02b01,16104,2,"/public/Velo Gallery/velo bar bilder 2/Basil smash-320w.webp|/public/Velo Gallery/basil-smash-320w.webp",/public/Velo Gallery/basil-smash-320w.webp
26b56b572570bea79007de244c1bafb9,15476,2,"/public/Velo Gallery/velo bar bilder 2/DSC07929-320w.webp|/public/Velo Gallery/gin-tasting-320w.webp",/public/Velo Gallery/gin-tasting-320w.webp
48f4057fe2b09fc844fea0d0420ea8b3,14620,2,"/public/Velo Gallery/event-1-320w.jpg|/public/Velo Gallery/velo bar bilder 2/why us -320w.jpg",/public/Velo Gallery/event-1-320w.jpg
d198c256a7be1159990dd29d738290f9,14352,2,"/public/Velo Gallery/velo bar bilder 2/MINZ MARACUJA-320w.jpg|/public/Velo Gallery/minz-maracuja-320w.jpg",/public/Velo Gallery/minz-maracuja-320w.jpg
1d5fb59929c5a5926d3acbe7d2accf0a,14251,2,"/public/Velo Gallery/drinks-selection-320w.jpg|/public/Velo Gallery/velo bar bilder 2/SPRITYVARIATIONE-320w.jpg",/public/Velo Gallery/drinks-selection-320w.jpg
187008044264657c1e07782aecce4040,12942,2,"/public/Velo Gallery/20220317-_W147453-1920w-320w.webp|/public/Velo Gallery/firemnfeier/firmenfeier-1920w-320w.webp",/public/Velo Gallery/20220317-_W147453-1920w-320w.webp
9bcb32adf03f7296da652ee0f876d50c,12064,2,"/public/Velo Gallery/velo bar bilder 2/DSC07828-320w.webp|/public/Velo Gallery/mobile-bar-hero-320w.webp",/public/Velo Gallery/mobile-bar-hero-320w.webp
45e2de084508bcd3162e5451a9c5895a,11832,2,"/public/Velo Gallery/mobile-bar-setup-640w.webp|/public/Velo Gallery/velo bar bilder 2/DSC07875-640w.webp",/public/Velo Gallery/mobile-bar-setup-640w.webp
f57f9edf3ded8d75b08ee4098652d4b4,10668,2,"/public/Velo Gallery/mango-rosmarin-320w.webp|/public/Velo Gallery/velo bar bilder 2/MANGO ROSMARIN-320w.webp",/public/Velo Gallery/mango-rosmarin-320w.webp
4e6946631d0f7250d00a90d1b05e3935,10210,2,"/public/Velo Gallery/event-1-320w.webp|/public/Velo Gallery/velo bar bilder 2/why us -320w.webp",/public/Velo Gallery/event-1-320w.webp
64dbb7029f8e901179d77996f7beb168,10206,2,"/public/Velo Gallery/velo bar bilder 2/SPRITYVARIATIONE-320w.webp|/public/Velo Gallery/drinks-selection-320w.webp",/public/Velo Gallery/drinks-selection-320w.webp
04d7ea703c9a7626ee220d8ba496ba8d,8935,2,"/public/Velo Gallery/velo bar bilder 2/DSC07875-320w.jpg|/public/Velo Gallery/mobile-bar-setup-320w.jpg",/public/Velo Gallery/mobile-bar-setup-320w.jpg
cca6125a1d7baa8f6f4cc8274a3b63fb,7768,2,"/public/Velo Gallery/minz-maracuja-320w.webp|/public/Velo Gallery/velo bar bilder 2/MINZ MARACUJA-320w.webp",/public/Velo Gallery/minz-maracuja-320w.webp
ee72b2f3624480fb7921a87997d90b11,7136,2,"/public/Velo Gallery/teamevent-und-workshops/teamevent-und-workshops-1920w-120w.webp|/public/Velo Gallery/teamevent-und-workshops/teamevent-und-workshops-120w.webp",/public/Velo Gallery/teamevent-und-workshops/teamevent-und-workshops-120w.webp
e85726dcac7cfaa9d60f23ccbba4b056,6824,2,"/public/Velo Gallery/velo bar bilder 2/G3-120w.webp|/public/Velo Gallery/event-3-120w.webp",/public/Velo Gallery/event-3-120w.webp
da627d5a228f01995a39934ca571f19e,5510,2,"/public/Velo Gallery/messen/messen-120w.webp|/public/Velo Gallery/messen/messen-1920w-120w.webp",/public/Velo Gallery/messen/messen-120w.webp
50a90f674ee67990620f8b49d7cdb2ac,5274,2,"/public/Velo Gallery/velo bar bilder 2/DSC07875-320w.webp|/public/Velo Gallery/mobile-bar-setup-320w.webp",/public/Velo Gallery/mobile-bar-setup-320w.webp
0a0134668f99d87fa829290c9b6159a6,5088,2,"/public/Velo Gallery/DSC09743-640w-120w.webp|/public/Velo Gallery/DSC09743-120w.webp",/public/Velo Gallery/DSC09743-120w.webp
01c92d575e44cc7452950b1ad9bfc4ee,3988,2,"/public/Velo Gallery/himbeer-hibiskus-fizz-120w.webp|/public/Velo Gallery/velo bar bilder 2/Himbeer Hibiskus FIZZ-120w.webp",/public/Velo Gallery/himbeer-hibiskus-fizz-120w.webp
49187cc7322127fb9744eac80df45eaa,3576,2,"/public/Velo Gallery/basil-smash-120w.webp|/public/Velo Gallery/velo bar bilder 2/Basil smash-120w.webp",/public/Velo Gallery/basil-smash-120w.webp
41c557030e212a04bf0305318d4bfcef,3200,2,"/public/Velo Gallery/event-3-80w.webp|/public/Velo Gallery/velo bar bilder 2/G3-80w.webp",/public/Velo Gallery/event-3-80w.webp
709ac09cde0b402898351ae3c0ca82e7,3156,2,"/public/Velo Gallery/teamevent-und-workshops/teamevent-und-workshops-1920w-80w.webp|/public/Velo Gallery/teamevent-und-workshops/teamevent-und-workshops-80w.webp",/public/Velo Gallery/teamevent-und-workshops/teamevent-und-workshops-80w.webp
16f05fd3cbe5c57c49688e83b2623daa,2978,2,"/public/Velo Gallery/velo bar bilder 2/DSC07929-120w.webp|/public/Velo Gallery/gin-tasting-120w.webp",/public/Velo Gallery/gin-tasting-120w.webp
316c8a0de78f91e708e0bb4f1fd73be5,2902,2,"/public/Velo Gallery/velo bar bilder 2/DSC07828-120w.webp|/public/Velo Gallery/mobile-bar-hero-120w.webp",/public/Velo Gallery/mobile-bar-hero-120w.webp
6edbe18a4b958fb6ae5b1f10d6aa6b46,2882,2,"/public/Velo Gallery/messen/messen-80w.webp|/public/Velo Gallery/messen/messen-1920w-80w.webp",/public/Velo Gallery/messen/messen-80w.webp
1c31f1c2da3483907e7cda3e836bd7f6,2800,2,"/public/Velo Gallery/wedding-bar-120w.webp|/public/Velo Gallery/velo bar bilder 2/Hochzeiten-120w.webp",/public/Velo Gallery/wedding-bar-120w.webp
a2a3500e21037c5067873580ea795014,2788,2,"/public/Velo Gallery/mango-rosmarin-120w.webp|/public/Velo Gallery/velo bar bilder 2/MANGO ROSMARIN-120w.webp",/public/Velo Gallery/mango-rosmarin-120w.webp
57a165395b348853c5cabe78d60d72f9,2780,2,"/public/Velo Gallery/hochzeit/hochzeiten-1920w-120w.webp|/public/Velo Gallery/hochzeit/hochzeiten-120w.webp",/public/Velo Gallery/hochzeit/hochzeiten-120w.webp
671e5a400f7af70816b0e7fe3d18c271,2734,2,"/public/Velo Gallery/A7401220-120w.webp|/public/Velo Gallery/A7401220-1920w-120w.webp",/public/Velo Gallery/A7401220-120w.webp
a2aaeca3c9a051a5ec47ce20f4f48eeb,2674,2,"/public/Velo Gallery/DSC09743-640w-80w.webp|/public/Velo Gallery/DSC09743-80w.webp",/public/Velo Gallery/DSC09743-80w.webp
3e6afde1cc825f0b3e64e7205ce71208,2632,2,"/public/Velo Gallery/private-feiern/private-feiern-120w.webp|/public/Velo Gallery/private-feiern/private-feiern-1920w-120w.webp",/public/Velo Gallery/private-feiern/private-feiern-120w.webp
9cd02d52226ca578b93d5ddfb0f7d0be,2598,2,"/public/Velo Gallery/event-1-120w.webp|/public/Velo Gallery/velo bar bilder 2/why us -120w.webp",/public/Velo Gallery/event-1-120w.webp
17e73016ba184afd829b459314ab94a1,2514,2,"/public/Velo Gallery/velo bar bilder 2/SPRITYVARIATIONE-120w.webp|/public/Velo Gallery/drinks-selection-120w.webp",/public/Velo Gallery/drinks-selection-120w.webp
e07d9afd23a38736ec2f00ce2ef83768,2228,2,"/public/Velo Gallery/minz-maracuja-120w.webp|/public/Velo Gallery/velo bar bilder 2/MINZ MARACUJA-120w.webp",/public/Velo Gallery/minz-maracuja-120w.webp
a7a3ab4e6965bcc494c13b59ce23eb27,2218,2,"/public/Velo Gallery/velo bar bilder 2/Himbeer Hibiskus FIZZ-80w.webp|/public/Velo Gallery/himbeer-hibiskus-fizz-80w.webp",/public/Velo Gallery/himbeer-hibiskus-fizz-80w.webp
ea06171bae1069b3f1c35d7e297042c7,1848,2,"/public/Velo Gallery/velo bar bilder 2/Basil smash-80w.webp|/public/Velo Gallery/basil-smash-80w.webp",/public/Velo Gallery/basil-smash-80w.webp
1a17348418758fbebca778e0c559ecdc,1570,2,"/public/Velo Gallery/velo bar bilder 2/DSC07875-120w.webp|/public/Velo Gallery/mobile-bar-setup-120w.webp",/public/Velo Gallery/mobile-bar-setup-120w.webp
f0ccfc388536b17432b54f1885bbd25e,1554,2,"/public/Velo Gallery/velo bar bilder 2/MANGO ROSMARIN-80w.webp|/public/Velo Gallery/mango-rosmarin-80w.webp",/public/Velo Gallery/mango-rosmarin-80w.webp
f17752c0175037a69dc6143fda18cc3b,1550,2,"/public/Velo Gallery/velo bar bilder 2/DSC07828-80w.webp|/public/Velo Gallery/mobile-bar-hero-80w.webp",/public/Velo Gallery/mobile-bar-hero-80w.webp
92091a87516f9e88f2da96612e22acfb,1464,2,"/public/Velo Gallery/gin-tasting-80w.webp|/public/Velo Gallery/velo bar bilder 2/DSC07929-80w.webp",/public/Velo Gallery/gin-tasting-80w.webp
93c4865c0838c218795316b3cb4210c5,1464,2,"/public/Velo Gallery/velo bar bilder 2/Hochzeiten-80w.webp|/public/Velo Gallery/wedding-bar-80w.webp",/public/Velo Gallery/wedding-bar-80w.webp
c8bed591916922d8153fe714b922c94b,1420,2,"/public/Velo Gallery/hochzeit/hochzeiten-1920w-80w.webp|/public/Velo Gallery/hochzeit/hochzeiten-80w.webp",/public/Velo Gallery/hochzeit/hochzeiten-80w.webp
54845975b72004c60f27df01f2ea9ed1,1402,2,"/public/Velo Gallery/velo bar bilder 2/SPRITYVARIATIONE-80w.webp|/public/Velo Gallery/drinks-selection-80w.webp",/public/Velo Gallery/drinks-selection-80w.webp
2753be2af445925d8924ee4eabbd1cee,1384,2,"/public/Velo Gallery/minz-maracuja-80w.webp|/public/Velo Gallery/velo bar bilder 2/MINZ MARACUJA-80w.webp",/public/Velo Gallery/minz-maracuja-80w.webp
12a862d7f9bb305fa2892856367ec493,1366,2,"/public/Velo Gallery/velo bar bilder 2/why us -80w.webp|/public/Velo Gallery/event-1-80w.webp",/public/Velo Gallery/event-1-80w.webp
d48f24767a12daae46985c02aadd4730,1358,2,"/public/Velo Gallery/A7401220-1920w-80w.webp|/public/Velo Gallery/A7401220-80w.webp",/public/Velo Gallery/A7401220-80w.webp
d65152b5661c0573b14dbd378b44382a,1242,2,"/public/Velo Gallery/private-feiern/private-feiern-80w.webp|/public/Velo Gallery/private-feiern/private-feiern-1920w-80w.webp",/public/Velo Gallery/private-feiern/private-feiern-80w.webp
19949d257720822d7c046170aead490c,1016,2,"/public/Velo Gallery/velo bar bilder 2/DSC07875-80w.webp|/public/Velo Gallery/mobile-bar-setup-80w.webp",/public/Velo Gallery/mobile-bar-setup-80w.webp